property_id,address,price,property_link,property_type,no_of_rooms,no_of_bathrooms,agent_firm,firm_contact
163996196,"Wigton Road, Carlisle","£130,000",https://www.rightmove.co.uk/properties/163996196#/?channel=RES_BUY,Terraced,2,1,Placeholder Image,01228 276973
162292361,"Armathwaite, Carlisle, CA4 9PB","£1,100,000",https://www.rightmove.co.uk/properties/162292361#/?channel=RES_BUY,Detached,4,3,Placeholder Image,03304 609968
155740691,"Eden House, Lambley Bank, Scotby, Carlisle","£1,100,000",https://www.rightmove.co.uk/properties/155740691#/?channel=RES_BUY,Detached,5,5,Placeholder Image,01431 926500
148329440,Southwaite,"£1,100,000",https://www.rightmove.co.uk/properties/148329440#/?channel=RES_BUY,Character Property,6,2,Placeholder Image,01768 800886
163411151,"Bankdale Park, Wreay, Carlisle, CA4","£1,000,000",https://www.rightmove.co.uk/properties/163411151#/?channel=RES_BUY,Detached,5,2,Placeholder Image,01228 276951
155757404,"Thackwood Nook, Raughton Head, Carlisle, Cumbria","£1,000,000",https://www.rightmove.co.uk/properties/155757404#/?channel=RES_BUY,Detached,5,3,Placeholder Image,01431 926500
159419132,"Wreay, Carlisle, CA4","£950,000",https://www.rightmove.co.uk/properties/159419132#/?channel=RES_BUY,Detached,4,2,"BPK Estate Agents, Carlisle Estate Agent ",01228 582064
155741087,"Croftfield, Aglionby, Wetheral, Carlisle","£950,000",https://www.rightmove.co.uk/properties/155741087#/?channel=RES_BUY,Detached Bungalow,3,2,Placeholder Image,01431 926500
160097612,"Newbiggin Hall, Carleton, Carlisle, Cumbria, CA4","£900,000",https://www.rightmove.co.uk/properties/160097612#/?channel=RES_BUY,Detached,8,,"Savills Rural Sales, York Estate Agent ",01904 917563
159951206,"Newbiggin Hall, Carleton, Carlisle","£900,000",https://www.rightmove.co.uk/properties/159951206#/?channel=RES_BUY,Detached,8,5,"Hayward Tod Associates, Carlisle Estate Agent ",01228 276938
87123573,"Crosby-on-Eden, Carlisle, CA6 4QN","£865,000",https://www.rightmove.co.uk/properties/87123573#/?channel=RES_BUY,Detached,6,4,"eXp Luxury, London Estate Agent ",08000 485687
162792533,"Lambley Bank, Scotby","£850,000",https://www.rightmove.co.uk/properties/162792533#/?channel=RES_BUY,Detached,4,4,"Hayward Tod Associates, Carlisle Estate Agent ",01228 276938
163663058,"Crooks Cottage, Bridge End, Wreay, Carlisle, Cumbria","£800,000",https://www.rightmove.co.uk/properties/163663058#/?channel=RES_BUY,Cottage,5,3,Placeholder Image,01431 926500
152664077,"Hayton, Brampton, CA8 9HL","£795,000",https://www.rightmove.co.uk/properties/152664077#/?channel=RES_BUY,Detached,4,2,Placeholder Image,03304 609968
163899866,"Cargo, Carlisle","£795,000",https://www.rightmove.co.uk/properties/163899866#/?channel=COM_BUY,Smallholding,4,3,"Homesearch Direct, Carlisle Estate Agent ",01228 582040
159153422,"Priors Garth, Wetheral, CA4","£790,000",https://www.rightmove.co.uk/properties/159153422#/?channel=RES_BUY,Detached,5,4,"PFK, Penrith Estate Agent ",01760 308696
159428432,"Larches, Brocklebank","£780,000",https://www.rightmove.co.uk/properties/159428432#/?channel=RES_BUY,Detached,3,2,"Hayward Tod Associates, Carlisle Estate Agent ",01228 276938
159143759,"Priors Garth, Wetheral, CA4","£775,000",https://www.rightmove.co.uk/properties/159143759#/?channel=RES_BUY,Detached,5,3,"PFK, Penrith Estate Agent ",01760 308696
155741396,"Easedale House, Fairfields, Hayton, Carlisle, Cumbria","£775,000",https://www.rightmove.co.uk/properties/155741396#/?channel=RES_BUY,Detached,4,2,Placeholder Image,01431 926500
162715643,"Brunstock, Carlisle, Cumbria, CA6","£765,000",https://www.rightmove.co.uk/properties/162715643#/?channel=RES_BUY,Detached,4,3,"BPK Estate Agents, Carlisle Estate Agent ",01228 582064
159205940,"Peter Gate, Cotehill, Carlisle","£750,000",https://www.rightmove.co.uk/properties/159205940#/?channel=RES_BUY,Detached,4,4,Placeholder Image,01768 800886
159981167,"Cardewlees, Carlisle, CA5 6LE","£750,000",https://www.rightmove.co.uk/properties/159981167#/?channel=RES_BUY,Detached,4,3,Placeholder Image,03304 609968
161925611,"Little Corby Hall Farm, Little Corby, Carlisle, Cumbria","£750,000",https://www.rightmove.co.uk/properties/161925611#/?channel=RES_BUY,Detached,4,2,"H&H Land & Estates, Carlisle Estate Agent ",01228 276977
162490553,"16 Portland Square, Carlisle, CA1","£750,000",https://www.rightmove.co.uk/properties/162490553#/?channel=RES_BUY,Town House,6,3,Placeholder Image,01228 276951
162490595,"17 Portland Square, Carlisle CA1","£750,000",https://www.rightmove.co.uk/properties/162490595#/?channel=RES_BUY,Town House,6,3,Placeholder Image,01228 276951
163976192,"St Peters Drive, Lowry Hill, Carlisle, CA3","£330,000",https://www.rightmove.co.uk/properties/163976192#/?channel=RES_BUY,Detached,4,2,"Cumbrian Properties, Carlisle Estate Agent ",01228 276406
163205171,"Cavendish Apartments, 80 Warwick Road, Carlisle","£750,000",https://www.rightmove.co.uk/properties/163205171#/?channel=RES_BUY,Block of Apartments,7,5,"Fine & Country, Cumbria & Scotland Estate Agent ",01228 276951
163084724,"The Barn, Birkthwaite Mews, Wreay, Carlisle, Cumbria","£725,000",https://www.rightmove.co.uk/properties/163084724#/?channel=RES_BUY,Detached,4,3,"H&H Land & Estates, Carlisle Estate Agent ",01228 276977
162488648,"Hunters Croft, Aglionby, Carlisle, CA4","£725,000",https://www.rightmove.co.uk/properties/162488648#/?channel=RES_BUY,Detached,5,3,"Fine & Country, Cumbria & Scotland Estate Agent ",01228 276951
162131648,Raughton Head,"£700,000",https://www.rightmove.co.uk/properties/162131648#/?channel=RES_BUY,Detached,4,3,"Hayward Tod Associates, Carlisle Estate Agent ",01228 276938
164068970,"Etterby Scaur, Carlisle, CA3","£699,000",https://www.rightmove.co.uk/properties/164068970#/?channel=RES_BUY,Semi-Detached,5,3,"PFK, Penrith Estate Agent ",01760 308696
159796328,"The Woodlands, Hayton","£695,000",https://www.rightmove.co.uk/properties/159796328#/?channel=RES_BUY,Detached,5,3,"Hayward Tod Associates, Carlisle Estate Agent ",01228 276938
163061681,"Sydney House, Fenton, Hayton Parish, CA8 9JZ","£695,000",https://www.rightmove.co.uk/properties/163061681#/?channel=RES_BUY,Detached,6,4,"Citadel Homes, Carlisle Estate Agent ",01228 582076
159141002,"Irthington, Carlisle, CA6 4NE","£695,000",https://www.rightmove.co.uk/properties/159141002#/?channel=RES_BUY,Country House,6,5,"eXp Luxury, London Estate Agent ",08000 485687
162781946,"Cumrew, Heads Nook, Brampton, Cumbria, CA8","£675,000",https://www.rightmove.co.uk/properties/162781946#/?channel=RES_BUY,Bungalow,4,2,"BPK Estate Agents, Carlisle Estate Agent ",01228 582064
155742137,"Dubcroft, Dalston, Carlisle, Cumbria","£675,000",https://www.rightmove.co.uk/properties/155742137#/?channel=RES_BUY,Detached,5,2,"Finest, Cumbria & The Lakes Estate Agent ",01431 926500
149125388,"Broadwath, Heads Nook, Brampton, Cumbria, CA8","£650,000",https://www.rightmove.co.uk/properties/149125388#/?channel=RES_BUY,Detached,4,3,"BPK Estate Agents, Carlisle Estate Agent ",01228 582064
162490724,"Newbiggin House, Carleton, Carlisle, CA4","£650,000",https://www.rightmove.co.uk/properties/162490724#/?channel=RES_BUY,Detached,4,2,"Fine & Country, Cumbria & Scotland Estate Agent ",01228 276951
158679302,"Cumrew, Heads Nook, Brampton, Cumbria, CA8","£650,000",https://www.rightmove.co.uk/properties/158679302#/?channel=RES_BUY,Detached,5,4,"BPK Estate Agents, Carlisle Estate Agent ",01228 582064
162716720,"Priors Garth, Wetheral, Carlisle","£650,000",https://www.rightmove.co.uk/properties/162716720#/?channel=RES_BUY,Detached,4,3,"Hayward Tod Associates, Carlisle Estate Agent ",01228 276938
162704210,"Brisco Farm, Brisco, Carlisle, Cumbria","£650,000",https://www.rightmove.co.uk/properties/162704210#/?channel=RES_BUY,Detached,4,2,"H&H Land & Estates, Carlisle Estate Agent ",01228 276977
150630638,"Curthwaite, Wigton","£650,000",https://www.rightmove.co.uk/properties/150630638#/?channel=RES_BUY,Detached,4,3,"David Britton Estates, Penrith Estate Agent ",01768 800886
163062524,"Swallows Retreat, Fenton, Hayton Parish, CA8 9JZ","£645,000",https://www.rightmove.co.uk/properties/163062524#/?channel=RES_BUY,Detached,4,4,"Citadel Homes, Carlisle Estate Agent ",01228 582076
150543047,"St. Marys Court, Wreay, Carlisle, CA4","£630,000",https://www.rightmove.co.uk/properties/150543047#/?channel=RES_BUY,Detached,4,2,"Hunters, Carlisle Estate Agent ",01228 276402
161618567,"Grinsdale, Carlisle, CA5 6DS","£625,000",https://www.rightmove.co.uk/properties/161618567#/?channel=RES_BUY,Detached Bungalow,7,2,"eXp UK, North West Estate Agent ",03304 609968
149550131,"Plains Road, Wetheral, Carlisle","£625,000",https://www.rightmove.co.uk/properties/149550131#/?channel=RES_BUY,Detached,4,2,"Hayward Tod Associates, Carlisle Estate Agent ",01228 276938
161766494,"The Stables, Linstock, Carlisle, Cumbria, CA6 4PY","£625,000",https://www.rightmove.co.uk/properties/161766494#/?channel=RES_BUY,Detached,5,2,"eXp UK, North West Estate Agent ",03304 609968
155767538,"Plot 15, Greenholme Steading, Warwick Bridge, Carlisle, Cumbria","£625,000",https://www.rightmove.co.uk/properties/155767538#/?channel=RES_BUY,End of Terrace,4,2,"Finest, Cumbria & The Lakes Estate Agent ",01431 926500
163408259,Heads Nook,"£615,000",https://www.rightmove.co.uk/properties/163408259#/?channel=RES_BUY,Detached,4,1,"David Britton Estates, Penrith Estate Agent ",01768 800886
162705053,"Armathwaite, Carlisle","£600,000",https://www.rightmove.co.uk/properties/162705053#/?channel=RES_BUY,Semi-Detached,5,3,"Hayward Tod Associates, Carlisle Estate Agent ",01228 276938
164165261,"Broadwath Holdings, Heads Nook, Brampton, CA8","£450,000",https://www.rightmove.co.uk/properties/164165261#/?channel=RES_BUY,Barn Conversion,2,2,"Cumbrian Properties, Carlisle Estate Agent ",01228 276406
159908480,"15 Ghyll Road, Scotby, Carlisle, Cumbria, CA4 8BT","£595,000",https://www.rightmove.co.uk/properties/159908480#/?channel=RES_BUY,Semi-Detached,4,2,"Hackney & Leigh, Keswick Estate Agent ",01761 258293
158083643,"Crosby Street, Carlisle, Cumbria, CA1","£595,000",https://www.rightmove.co.uk/properties/158083643#/?channel=RES_BUY,Serviced Apartments,4,,"Sidney Phillips Limited, Northern Estate Agent ",01434 405339
161393201,"Irthington, Carlisle","£595,000",https://www.rightmove.co.uk/properties/161393201#/?channel=RES_BUY,Link Detached House,5,2,"Lakes Estates, Penrith Estate Agent ",01768 807483
159694763,"Linstock, Carlisle, Cumbria, CA6","£595,000",https://www.rightmove.co.uk/properties/159694763#/?channel=RES_BUY,Detached,4,3,"BPK Estate Agents, Carlisle Estate Agent ",01228 582064
155586089,"Plot 13, Greenholme Steading, Warwick Bridge, Carlisle, Cumbria","£575,000",https://www.rightmove.co.uk/properties/155586089#/?channel=RES_BUY,Terraced,3,1,"Finest, Cumbria & The Lakes Estate Agent ",01431 926500
162691844,"Holme Meadow, Cumwhinton, Carlisle, CA4 8DR","£575,000",https://www.rightmove.co.uk/properties/162691844#/?channel=RES_BUY,Detached,4,3,"eXp Luxury, London Estate Agent ",08000 485687
164064713,"Ghyll Road, Scotby, CA4","£575,000",https://www.rightmove.co.uk/properties/164064713#/?channel=RES_BUY,Detached,5,3,"Kate Robson Estate Agent, Cumbria Estate Agent ",01228 276890
163425737,"Nook Lane, Dalston","£575,000",https://www.rightmove.co.uk/properties/163425737#/?channel=RES_BUY,Detached Bungalow,3,1,"Lakes Estates, Penrith Estate Agent ",01768 807483
157421747,"Great Corby, Carlisle, CA4","£575,000",https://www.rightmove.co.uk/properties/157421747#/?channel=RES_BUY,Detached,4,3,"PFK, Penrith Estate Agent ",01760 308696
163201700,"Rockcliffe,Carlisle,CA6 4BH","£575,000",https://www.rightmove.co.uk/properties/163201700#/?channel=RES_BUY,Detached,4,2,"eXp Luxury, London Estate Agent ",08000 485687
163805894,"Heads Nook, Brampton, CA8","£575,000",https://www.rightmove.co.uk/properties/163805894#/?channel=RES_BUY,Detached Bungalow,5,2,"Kate Robson Estate Agent, Cumbria Estate Agent ",01228 276890
158200979,"Raven House, High Bridge, Dalston, Carlisle, Cumbria","£575,000",https://www.rightmove.co.uk/properties/158200979#/?channel=RES_BUY,Barn Conversion,4,2,"Finest, Cumbria & The Lakes Estate Agent ",01431 926500
154954247,"Caldew Drive, Dalston, Carlisle, CA5 7NS","£565,000",https://www.rightmove.co.uk/properties/154954247#/?channel=RES_BUY,Detached,4,2,"eXp UK, North West Estate Agent ",03304 609968
163898669,"Furlong View, The Paddocks","£560,000",https://www.rightmove.co.uk/properties/163898669#/?channel=RES_BUY,Town House,4,2,"Hayward Tod Associates, Carlisle Estate Agent ",01228 276938
161453135,"Broomfallen Road, Scotby, Carlisle, CA4","£550,000",https://www.rightmove.co.uk/properties/161453135#/?channel=RES_BUY,Detached,5,,"Cumbrian Properties, Carlisle Estate Agent ",01228 276406
160251311,"The Dairy, Durdar Road, Carlisle","£550,000",https://www.rightmove.co.uk/properties/160251311#/?channel=RES_BUY,Barn Conversion,4,2,"David Britton Estates, Penrith Estate Agent ",01768 800886
151306319,"Goschen Road, Carlisle, CA2","£550,000",https://www.rightmove.co.uk/properties/151306319#/?channel=RES_BUY,Semi-Detached,6,2,"Kate Robson Estate Agent, Cumbria Estate Agent ",01228 276890
156820007,"Clover Meadows, Heads Nook, CA8","£550,000",https://www.rightmove.co.uk/properties/156820007#/?channel=RES_BUY,Detached,4,3,"Northwood, Carlisle Estate Agent ",01228 279058
163838651,"Marlborough Gardens, Carlisle, CA3","£550,000",https://www.rightmove.co.uk/properties/163838651#/?channel=RES_BUY,Semi-Detached,6,2,"Hayward Tod Associates, Carlisle Estate Agent ",01228 276938
161853212,"Clint Cottage, Great Corby, Carlisle, CA4","£550,000",https://www.rightmove.co.uk/properties/161853212#/?channel=RES_BUY,Semi-Detached,3,2,"Hunters, Carlisle Estate Agent ",01228 276402
163775000,"Wellgate, Scotby","£550,000",https://www.rightmove.co.uk/properties/163775000#/?channel=RES_BUY,Detached,4,3,"Hayward Tod Associates, Carlisle Estate Agent ",01228 276938
163868915,"Birkby House, Cavendish Terrace & 25 Marlborough Gardens, Carlisle, Cumbria","£550,000",https://www.rightmove.co.uk/properties/163868915#/?channel=RES_BUY,Detached,7,5,"H&H Land & Estates, Carlisle Estate Agent ",01228 276977
160184276,"Wentworth Terrace, Great Corby, Carlisle, Cumbria, CA4","£549,950",https://www.rightmove.co.uk/properties/160184276#/?channel=RES_BUY,End of Terrace,4,2,"BPK Estate Agents, Carlisle Estate Agent ",01228 582064
162649541,"Sheila Cottage, Fenton, Hayton Parish CA8 9JZ","£545,000",https://www.rightmove.co.uk/properties/162649541#/?channel=RES_BUY,Detached Bungalow,3,3,"Citadel Homes, Carlisle Estate Agent ",01228 582076
164056430,"4 Ridge Close, Scotby, Carlisle, Cumbria","£535,000",https://www.rightmove.co.uk/properties/164056430#/?channel=RES_BUY,Detached,5,3,"H&H Land & Estates, Carlisle Estate Agent ",01228 276977
162911189,"Newby Cross, Carlisle, CA5","£525,000",https://www.rightmove.co.uk/properties/162911189#/?channel=RES_BUY,Detached,4,2,"Fine & Country, Cumbria & Scotland Estate Agent ",01228 276951
160619057,"Crosby-on-Eden, Carlisle, CA6 4RA","£525,000",https://www.rightmove.co.uk/properties/160619057#/?channel=RES_BUY,Detached,6,3,"eXp UK, North West Estate Agent ",03304 609968
164068562,"4 St Mary’s Court, Wreay, Carlisle, Cumbria","£525,000",https://www.rightmove.co.uk/properties/164068562#/?channel=RES_BUY,Detached Bungalow,4,2,"Finest, Cumbria & The Lakes Estate Agent ",01431 926500
148414928,"Carlton Gardens, Stanwix, Carlisle, CA3","£515,000",https://www.rightmove.co.uk/properties/148414928#/?channel=RES_BUY,Semi-Detached,5,3,"Hunters, Carlisle Estate Agent ",01228 276402
158457497,"The Green, Wetheral, Carlisle","£510,000",https://www.rightmove.co.uk/properties/158457497#/?channel=RES_BUY,Detached,4,1,"Hayward Tod Associates, Carlisle Estate Agent ",01228 276938
149431424,"Pennine House, Armathwaite","£500,000",https://www.rightmove.co.uk/properties/149431424#/?channel=RES_BUY,Detached,4,2,"Lakes Estates, Penrith Estate Agent ",01768 807483
163590998,"St. Marys Court, Wreay, CA4","£500,000",https://www.rightmove.co.uk/properties/163590998#/?channel=RES_BUY,Detached Bungalow,4,2,"Yopa, Scotland & The North Estate Agent ",0161 524 0574
87103575,"Warwick Bridge, Carlisle","£500,000",https://www.rightmove.co.uk/properties/87103575#/?channel=RES_BUY,Barn Conversion,4,2,"David Britton Estates, Penrith Estate Agent ",01768 800886
163064468,"London Road, Carlisle, CA1","£500,000",https://www.rightmove.co.uk/properties/163064468#/?channel=RES_BUY,Block of Apartments,3,3,"Let Property Sales & Management, Glasgow Estate Agent ",0141 673 7973
162308756,"Talkin, Brampton","£500,000",https://www.rightmove.co.uk/properties/162308756#/?channel=RES_BUY,Barn Conversion,4,3,"Hayward Tod Associates, Carlisle Estate Agent ",01228 276938
148252628,"Land At Low House Farm - Lot 3, Southwaite, Carlisle","£500,000",https://www.rightmove.co.uk/properties/148252628#/?channel=COM_BUY,Land,,,"H&H Land & Estates, Carlisle Estate Agent ",01228 276977
152462297,"Sunny Mount, Cargo, CA6","£499,950",https://www.rightmove.co.uk/properties/152462297#/?channel=RES_BUY,Detached,4,2,"Kate Robson Estate Agent, Cumbria Estate Agent ",01228 276890
144807077,"River View, Etterby, Carlisle, CA3 9JQ","£499,950",https://www.rightmove.co.uk/properties/144807077#/?channel=RES_BUY,Detached,5,3,"eXp UK, North West Estate Agent ",03304 609968
155698241,"Tarn End, Talkin, Brampton, CA8","£499,000",https://www.rightmove.co.uk/properties/155698241#/?channel=RES_BUY,Cottage,2,2,"Cumbrian Properties, Carlisle Estate Agent ",01228 276406
163898675,"Furlong View, The Paddock, Carlisle","£495,000",https://www.rightmove.co.uk/properties/163898675#/?channel=RES_BUY,Detached,4,2,"Hayward Tod Associates, Carlisle Estate Agent ",01228 276938
163885889,"Durdar Road, Carlisle","£495,000",https://www.rightmove.co.uk/properties/163885889#/?channel=RES_BUY,Detached,3,1,"Homesearch Direct, Carlisle Estate Agent ",01228 582040
155743433,"Plot 14, Greenholme Steading, Warwick Bridge, Carlisle, Cumbria","£495,000",https://www.rightmove.co.uk/properties/155743433#/?channel=RES_BUY,Terraced,4,2,"Finest, Cumbria & The Lakes Estate Agent ",01431 926500
157118240,"Bridge End, Dalston, Carlisle, CA5 7BH","£495,000",https://www.rightmove.co.uk/properties/157118240#/?channel=RES_BUY,Barn Conversion,4,2,"eXp UK, North West Estate Agent ",03304 609968
155743208,"Smithy Cottage, Bridge End, Dalston, Carlisle, Cumbria","£495,000",https://www.rightmove.co.uk/properties/155743208#/?channel=RES_BUY,Cottage,4,2,"Finest, Cumbria & The Lakes Estate Agent ",01431 926500
135998636,"Scotby Road, Carlisle","£490,000",https://www.rightmove.co.uk/properties/135998636#/?channel=RES_BUY,Detached,3,2,"Hayward Tod Associates, Carlisle Estate Agent ",01228 276938
128796554,"Langleigh House, 6 Howard Place","£475,000",https://www.rightmove.co.uk/properties/128796554#/?channel=RES_BUY,Semi-Detached,9,9,"Hayward Tod Associates, Carlisle Estate Agent ",01228 276938
160095467,"Elm Garth, Wetheral","£475,000",https://www.rightmove.co.uk/properties/160095467#/?channel=RES_BUY,Detached Bungalow,3,2,"Hayward Tod Associates, Carlisle Estate Agent ",01228 276938
153092819,"Cargo, Carlisle","£475,000",https://www.rightmove.co.uk/properties/153092819#/?channel=RES_BUY,Detached Bungalow,4,3,"Homesearch Direct, Carlisle Estate Agent ",01228 582040
163972259,"Millriggs, Carlisle, CA4","£150,000",https://www.rightmove.co.uk/properties/163972259#/?channel=RES_BUY,End of Terrace,3,2,"Yopa, Scotland & The North Estate Agent ",0161 524 0574
158968055,"Wreay, Carlisle, CA4","£475,000",https://www.rightmove.co.uk/properties/158968055#/?channel=RES_BUY,Detached,4,3,"PFK, Penrith Estate Agent ",01760 308696
161255792,"Townhead, Hayton, Brampton","£475,000",https://www.rightmove.co.uk/properties/161255792#/?channel=RES_BUY,Detached,3,1,"Hayward Tod Associates, Carlisle Estate Agent ",01228 276938
153540251,"Nealhouse, Carlisle, CA5","£470,000",https://www.rightmove.co.uk/properties/153540251#/?channel=RES_BUY,Detached,4,3,"Cumbrian Properties, Carlisle Estate Agent ",01228 276406
156764057,"Warwick Bridge, Carlisle, CA4","£450,000",https://www.rightmove.co.uk/properties/156764057#/?channel=RES_BUY,Detached,4,2,"Kate Robson Estate Agent, Cumbria Estate Agent ",01228 276890
159744113,"St. Georges Crescent,Carlisle,CA3 9NJ","£450,000",https://www.rightmove.co.uk/properties/159744113#/?channel=RES_BUY,Detached,4,2,"eXp UK, North West Estate Agent ",03304 609968
154450022,"Rowanburn, Ainstable, Carlisle, Cumbria, CA4 9PZ","£450,000",https://www.rightmove.co.uk/properties/154450022#/?channel=RES_BUY,Detached Bungalow,4,2,"Hackney & Leigh, Penrith Estate Agent ",01768 800712
162491078,"Rossandahl, Wetheral Pasture, Carlisle, CA4","£450,000",https://www.rightmove.co.uk/properties/162491078#/?channel=RES_BUY,Detached,4,2,"Fine & Country, Cumbria & Scotland Estate Agent ",01228 276951
157962521,"Longlands Road, Carlisle","£450,000",https://www.rightmove.co.uk/properties/157962521#/?channel=RES_BUY,Detached,4,2,"Hayward Tod Associates, Carlisle Estate Agent ",01228 276938
162582929,"Peter Lane, Carlisle, CA2 6BZ","£450,000",https://www.rightmove.co.uk/properties/162582929#/?channel=RES_BUY,Detached,5,3,"eXp UK, North West Estate Agent ",03304 609968
142447088,"Kingstown Road, Carlisle","£450,000",https://www.rightmove.co.uk/properties/142447088#/?channel=RES_BUY,Detached,5,5,"Homesearch Direct, Carlisle Estate Agent ",01228 582040
159713540,"Warren Hill, Faugh","£450,000",https://www.rightmove.co.uk/properties/159713540#/?channel=RES_BUY,Detached,4,2,"Homesearch Direct, Carlisle Estate Agent ",01228 582040
164003561,"Mayfield, Carlisle","£450,000",https://www.rightmove.co.uk/properties/164003561#/?channel=RES_BUY,Detached,5,3,"Hayward Tod Associates, Carlisle Estate Agent ",01228 276938
162954716,"The Whins, Heads Nook, Brampton, CA8 9AL","£450,000",https://www.rightmove.co.uk/properties/162954716#/?channel=RES_BUY,Detached,4,3,"eXp UK, North West Estate Agent ",03304 609968
163536611,"6 Chapel Brow, Carlisle, Cumbria","£450,000",https://www.rightmove.co.uk/properties/163536611#/?channel=RES_BUY,Character Property,5,5,"Finest, Cumbria & The Lakes Estate Agent ",01431 926500
164148620,"Mayfield,Blackwell,Carlisle,CA2 4SS","£450,000",https://www.rightmove.co.uk/properties/164148620#/?channel=RES_BUY,Detached,3,2,"eXp UK, North West Estate Agent ",03304 609968
155184368,"Brunstock, Carlisle, Cumbria, CA6 4EX","£445,000",https://www.rightmove.co.uk/properties/155184368#/?channel=RES_BUY,Detached,4,2,"eXp UK, North West Estate Agent ",03304 609968
163890482,"3 Bed Bungalow, Fenton, Hayton Parish, CA8 9JZ","£445,000",https://www.rightmove.co.uk/properties/163890482#/?channel=RES_BUY,Detached Bungalow,3,,"Citadel Homes, Carlisle Estate Agent ",01228 582076
158850095,"Arthurs Old Barn, How Mill, Brampton, CA8 9JY","£439,000",https://www.rightmove.co.uk/properties/158850095#/?channel=RES_BUY,Barn Conversion,3,,"EDWIN THOMPSON, Carlisle Estate Agent ",01228 587314
160195742,"Carlisle, Cumbria, CA6 4ET","£435,000",https://www.rightmove.co.uk/properties/160195742#/?channel=RES_BUY,Cottage,3,2,"eXp UK, North West Estate Agent ",03304 609968
160243178,"Rosebank, Near Heads Nook","£430,000",https://www.rightmove.co.uk/properties/160243178#/?channel=RES_BUY,Semi-Detached,3,2,"Hayward Tod Associates, Carlisle Estate Agent ",01228 276938
163571963,"Crindledyke Lane, Carlisle","£430,000",https://www.rightmove.co.uk/properties/163571963#/?channel=RES_BUY,Detached,4,2,"Hayward Tod Associates, Carlisle Estate Agent ",01228 276938
158735669,"Brisco, Carlisle, CA4 0RB","£425,000",https://www.rightmove.co.uk/properties/158735669#/?channel=RES_BUY,Detached Bungalow,5,2,"eXp UK, North West Estate Agent ",03304 609968
164165840,"Edenside, Cargo, Carlisle, CA6 4AQ","£425,000",https://www.rightmove.co.uk/properties/164165840#/?channel=RES_BUY,Detached,4,3,"eXp UK, North West Estate Agent ",03304 609968
164056478,"5 Ridge Close, Scotby, Carlisle, Cumbria","£425,000",https://www.rightmove.co.uk/properties/164056478#/?channel=RES_BUY,Bungalow,3,2,"H&H Land & Estates, Carlisle Estate Agent ",01228 276977
163050815,"Brampton Road, Carlisle, CA3 9AU","£425,000",https://www.rightmove.co.uk/properties/163050815#/?channel=RES_BUY,Semi-Detached,4,2,"eXp UK, North West Estate Agent ",03304 609968
162938843,"Armathwaite, Carlisle","£425,000",https://www.rightmove.co.uk/properties/162938843#/?channel=RES_BUY,Cottage,4,2,"Hayward Tod Associates, Carlisle Estate Agent ",01228 276938
163804139,"Chiswick Street, Carlisle, CA1","£425,000",https://www.rightmove.co.uk/properties/163804139#/?channel=RES_BUY,End of Terrace,6,3,"Kate Robson Estate Agent, Cumbria Estate Agent ",01228 276890
162427754,"Parkland Avenue, Carlisle, CA1 3GN","£420,000",https://www.rightmove.co.uk/properties/162427754#/?channel=RES_BUY,Detached,4,2,"eXp UK, North West Estate Agent ",03304 609968
161008610,"Castle Carrock, Brampton","£415,000",https://www.rightmove.co.uk/properties/161008610#/?channel=RES_BUY,Detached,4,2,"Hayward Tod Associates, Carlisle Estate Agent ",01228 276938
163538363,"Scotby Grange, Scotby, Carlisle, CA4","£415,000",https://www.rightmove.co.uk/properties/163538363#/?channel=RES_BUY,Detached,5,3,"Hunters, Carlisle Estate Agent ",01228 276402
151659572,"Greenacres, Wetheral","£410,000",https://www.rightmove.co.uk/properties/151659572#/?channel=RES_BUY,Detached,4,1,"Hayward Tod Associates, Carlisle Estate Agent ",01228 276938
151064867,Brisco,"£400,000",https://www.rightmove.co.uk/properties/151064867#/?channel=RES_BUY,Detached Bungalow,5,2,"Hayward Tod Associates, Carlisle Estate Agent ",01228 276938
161438078,"Parkland Avenue, Carlisle, CA1","£400,000",https://www.rightmove.co.uk/properties/161438078#/?channel=RES_BUY,Detached,4,3,"Yopa, Scotland & The North Estate Agent ",0161 524 0574
163920503,"West Bank, Curthwaite","£400,000",https://www.rightmove.co.uk/properties/163920503#/?channel=RES_BUY,Detached,4,2,"Hayward Tod Associates, Carlisle Estate Agent ",01228 276938
163064063,"Larch Drive, Stanwix, Carlisle, Cumbria, CA3","£400,000",https://www.rightmove.co.uk/properties/163064063#/?channel=RES_BUY,Detached,4,3,"YOUR MOVE - Property @ Cumbria, Carlisle Estate Agent ",01228 276062
156526247,"Alby Orchard, Cumwhinton, Carlisle, Cumbria, CA4","£400,000",https://www.rightmove.co.uk/properties/156526247#/?channel=RES_BUY,Bungalow,3,2,"YOUR MOVE - Property @ Cumbria, Carlisle Estate Agent ",01228 276062
157563902,"Armathwaite, Carlisle, CA4","£400,000",https://www.rightmove.co.uk/properties/157563902#/?channel=RES_BUY,Character Property,4,3,"PFK, Penrith Estate Agent ",01760 308696
162926315,"Park Road, Scotby, CA4","£399,950",https://www.rightmove.co.uk/properties/162926315#/?channel=RES_BUY,Detached,4,2,"Kate Robson Estate Agent, Cumbria Estate Agent ",01228 276890
147674753,"Howard Place, Carlisle, CA1","£399,950",https://www.rightmove.co.uk/properties/147674753#/?channel=RES_BUY,Town House,5,4,"Cumbrian Properties, Carlisle Estate Agent ",01228 276406
154375496,"How Mill, Brampton","£399,000",https://www.rightmove.co.uk/properties/154375496#/?channel=RES_BUY,Barn Conversion,7,6,"David Britton Estates, Penrith Estate Agent ",01768 800886
163084235,"Croglin, Carlisle","£399,000",https://www.rightmove.co.uk/properties/163084235#/?channel=RES_BUY,House,3,1,"David Britton Estates, Penrith Estate Agent ",01768 800886
161713958,"Plains Road, Wetheral, Carlisle","£395,000",https://www.rightmove.co.uk/properties/161713958#/?channel=RES_BUY,Detached,4,3,"Hayward Tod Associates, Carlisle Estate Agent ",01228 276938
149556371,"Castle Carrock, Brampton, CA8 9LU","£395,000",https://www.rightmove.co.uk/properties/149556371#/?channel=RES_BUY,Detached,2,2,"eXp UK, North West Estate Agent ",03304 609968
164037857,"Cross Close, Houghton, CA3","£395,000",https://www.rightmove.co.uk/properties/164037857#/?channel=RES_BUY,Detached,4,2,"Kate Robson Estate Agent, Cumbria Estate Agent ",01228 276890
163892036,"2 Bed Bungalow, Fenton, Hayton Parish, CA8 9JZ","£395,000",https://www.rightmove.co.uk/properties/163892036#/?channel=RES_BUY,Detached Bungalow,2,,"Citadel Homes, Carlisle Estate Agent ",01228 582076
164167229,"Armathwaite, Carlisle, Cumbria, CA4","£395,000",https://www.rightmove.co.uk/properties/164167229#/?channel=RES_BUY,Semi-Detached,3,2,"BPK Estate Agents, Carlisle Estate Agent ",01228 582064
159302870,"The Old Tannery, Scotby, CA4","£389,950",https://www.rightmove.co.uk/properties/159302870#/?channel=RES_BUY,Detached,5,3,"Kate Robson Estate Agent, Cumbria Estate Agent ",01228 276890
162363170,"8 Caldew Maltings, Bridge Lane, Carlisle","£110,000",https://www.rightmove.co.uk/properties/162363170#/?channel=RES_BUY,Terraced,2,1,"H&H Land & Estates, Carlisle Estate Agent ",01228 276977
156836804,"Daisy Avenue, Carlisle, CA2","£389,000",https://www.rightmove.co.uk/properties/156836804#/?channel=RES_BUY,Detached,6,3,"Kate Robson Estate Agent, Cumbria Estate Agent ",01228 276890
150920261,"Reeds Way, Cumwhinton, Carlisle, CA4","£385,000",https://www.rightmove.co.uk/properties/150920261#/?channel=RES_BUY,Detached,4,2,"Cumbrian Properties, Carlisle Estate Agent ",01228 276406
145396451,"Tarn End, Talkin, Brampton, CA8","£385,000",https://www.rightmove.co.uk/properties/145396451#/?channel=RES_BUY,Cottage,2,2,"Hunters, Carlisle Estate Agent ",01228 276402
161671379,"Kates Beck, Scotby, Carlisle, Cumbria, CA4 8FR","£385,000",https://www.rightmove.co.uk/properties/161671379#/?channel=RES_BUY,Detached,4,2,"eXp UK, North West Estate Agent ",03304 609968
164193038,"Greensyke Court, Cumdivock, Dalston, Carlisle, CA5","£380,000",https://www.rightmove.co.uk/properties/164193038#/?channel=RES_BUY,End of Terrace,3,2,"YOUR MOVE - Property @ Cumbria, Carlisle Estate Agent ",01228 276062
161671619,"Twickenham Court, Carlisle","£380,000",https://www.rightmove.co.uk/properties/161671619#/?channel=RES_BUY,Detached,4,2,"Vicinity Homes, Carlisle Estate Agent ",01228 276973
160243754,"5 Low Mill, Dalston,, Dalston, Carlisle, Cumbria","£375,000",https://www.rightmove.co.uk/properties/160243754#/?channel=RES_BUY,End of Terrace,3,2,"H&H Land & Estates, Carlisle Estate Agent ",01228 276977
162107927,"High Carnaby, Raughton, Dalston, CA5","£375,000",https://www.rightmove.co.uk/properties/162107927#/?channel=RES_BUY,Semi-Detached,3,1,"eXp UK, North West Estate Agent ",03304 609968
155575535,"1 Tarn End, Talkin, Brampton, Cumbria","£375,000",https://www.rightmove.co.uk/properties/155575535#/?channel=RES_BUY,Cottage,2,2,"Finest, Cumbria & The Lakes Estate Agent ",01431 926500
163699040,"Oak View House, Low Mill, Dalston, CA5","£375,000",https://www.rightmove.co.uk/properties/163699040#/?channel=RES_BUY,Mill,4,2,"eXp UK, North West Estate Agent ",03304 609968
161956541,"Grange Drive, Carlisle, CA2","£375,000",https://www.rightmove.co.uk/properties/161956541#/?channel=RES_BUY,Detached,5,3,"Kate Robson Estate Agent, Cumbria Estate Agent ",01228 276890
163100972,"Durdar Road, Carlisle","£375,000",https://www.rightmove.co.uk/properties/163100972#/?channel=RES_BUY,Detached,4,2,"Vicinity Homes, Carlisle Estate Agent ",01228 276973
154566320,"Westlinton, Carlisle","£375,000",https://www.rightmove.co.uk/properties/154566320#/?channel=RES_BUY,Detached Bungalow,3,1,"Hayward Tod Associates, Carlisle Estate Agent ",01228 276938
152477690,Croglin,"£375,000",https://www.rightmove.co.uk/properties/152477690#/?channel=RES_BUY,Detached,3,2,"David Britton Estates, Penrith Estate Agent ",01768 800886
157629518,"Romanway, Ruleholme, Irthington, Carlisle","£375,000",https://www.rightmove.co.uk/properties/157629518#/?channel=RES_BUY,Detached,5,1,"David Britton Estates, Penrith Estate Agent ",01768 800886
159728141,"Greenacres, Wetheral","£375,000",https://www.rightmove.co.uk/properties/159728141#/?channel=RES_BUY,Detached,4,2,"Homesearch Direct, Carlisle Estate Agent ",01228 582040
163795214,"Berkeley Grange, Carlisle, CA2","£365,000",https://www.rightmove.co.uk/properties/163795214#/?channel=RES_BUY,Detached,4,2,"Cumbrian Properties, Carlisle Estate Agent ",01228 276406
164212976,"Larch Drive, Stanwix, Carlisle, Cumbria, CA3","£350,000",https://www.rightmove.co.uk/properties/164212976#/?channel=RES_BUY,Bungalow,3,2,"YOUR MOVE - Property @ Cumbria, Carlisle Estate Agent ",01228 276062
162968888,"7 The Paddocks, Thursby, Carlisle, Cumbria","£350,000",https://www.rightmove.co.uk/properties/162968888#/?channel=RES_BUY,Detached,4,2,"H&H Land & Estates, Carlisle Estate Agent ",01228 276977
160550927,"Hadrians Court, Grinsdale","£350,000",https://www.rightmove.co.uk/properties/160550927#/?channel=RES_BUY,Detached,4,1,"Hayward Tod Associates, Carlisle Estate Agent ",01228 276938
157467752,"Durdar Road, Carlisle, CA2","£350,000",https://www.rightmove.co.uk/properties/157467752#/?channel=RES_BUY,Detached,4,1,"Cumbrian Properties, Carlisle Estate Agent ",01228 276406
155041712,"Armathwaite, Carlisle, CA4 9PF","£350,000",https://www.rightmove.co.uk/properties/155041712#/?channel=RES_BUY,Detached,3,2,"eXp UK, North West Estate Agent ",03304 609968
159417119,"St Aidans Road, Off Warwick Road, Carlisle, CA1","£350,000",https://www.rightmove.co.uk/properties/159417119#/?channel=RES_BUY,Semi-Detached,3,2,"Cumbrian Properties, Carlisle Estate Agent ",01228 276406
136783322,"Holme Eden Hall, Warwick Bridge","£350,000",https://www.rightmove.co.uk/properties/136783322#/?channel=RES_BUY,Apartment,3,3,"Homesearch Direct, Carlisle Estate Agent ",01228 582040
156060095,"The Square, Cummersdale, CA2","£340,000",https://www.rightmove.co.uk/properties/156060095#/?channel=RES_BUY,Farm House,3,1,"PFK, Penrith Estate Agent ",01760 308696
163898723,"Furlong View, The Paddocks","£340,000",https://www.rightmove.co.uk/properties/163898723#/?channel=RES_BUY,Detached,3,2,"Hayward Tod Associates, Carlisle Estate Agent ",01228 276938
160288082,"Warwick Road, Carlisle, CA1","£340,000",https://www.rightmove.co.uk/properties/160288082#/?channel=RES_BUY,Terraced,6,2,"Kate Robson Estate Agent, Cumbria Estate Agent ",01228 276890
162491246,"Apartment 8, Portland Square, Carlisle CA1","£340,000",https://www.rightmove.co.uk/properties/162491246#/?channel=RES_BUY,Apartment,2,1,"Fine & Country, Cumbria & Scotland Estate Agent ",01228 276951
162491270,"Fibre Cottage, Wetheral, CA4","£335,000",https://www.rightmove.co.uk/properties/162491270#/?channel=RES_BUY,Cottage,3,1,"Fine & Country, Cumbria & Scotland Estate Agent ",01228 276951
161920625,"Rosedale, Smithfield, Kirklinton, Carlisle, CA6","£335,000",https://www.rightmove.co.uk/properties/161920625#/?channel=RES_BUY,Detached Bungalow,3,2,"eXp UK, North West Estate Agent ",03304 609968
161989559,"Newtown Road, Carlisle","£335,000",https://www.rightmove.co.uk/properties/161989559#/?channel=RES_BUY,Detached,3,2,"Hayward Tod Associates, Carlisle Estate Agent ",01228 276938
162292130,"Haydock Drive, The Ridings","£335,000",https://www.rightmove.co.uk/properties/162292130#/?channel=RES_BUY,Detached,4,2,"Hayward Tod Associates, Carlisle Estate Agent ",01228 276938
162508130,"Church Close, Irthington","£330,000",https://www.rightmove.co.uk/properties/162508130#/?channel=RES_BUY,Detached Bungalow,3,1,"Tiffen & Co, Carlisle Estate Agent ",01228 936426
163906580,"Maxwell Drive, Crindledyke","£325,000",https://www.rightmove.co.uk/properties/163906580#/?channel=RES_BUY,Detached,4,2,"Hayward Tod Associates, Carlisle Estate Agent ",01228 276938
160269251,"Townhead Road, Dalston, Carlisle, CA5","£325,000",https://www.rightmove.co.uk/properties/160269251#/?channel=RES_BUY,Bungalow,2,1,"Cumbrian Properties, Carlisle Estate Agent ",01228 276406
163221518,"Maxwell Drive,Kingstown,Carlisle,CA6 4EB","£325,000",https://www.rightmove.co.uk/properties/163221518#/?channel=RES_BUY,Detached,4,2,"eXp UK, North West Estate Agent ",03304 609968
163261013,"Woodfield, Wreay, CA4","£325,000",https://www.rightmove.co.uk/properties/163261013#/?channel=RES_BUY,Detached Bungalow,3,1,"C & D Rural, Carlisle Estate Agent ",01228 276986
163114028,"Lowry Hill Road, Carlisle","£325,000",https://www.rightmove.co.uk/properties/163114028#/?channel=RES_BUY,Detached Bungalow,3,1,"Homesearch Direct, Carlisle Estate Agent ",01228 582040
159391184,"Kirkstone Crescent, Carlisle, CA2","£325,000",https://www.rightmove.co.uk/properties/159391184#/?channel=RES_BUY,Semi-Detached,5,2,"eXp UK, North West Estate Agent ",03304 609968
157112291,"Parkland Mews, Cumwhinton Drive, Carlisle, Cumbria, CA1","£325,000",https://www.rightmove.co.uk/properties/157112291#/?channel=RES_BUY,End of Terrace,3,2,"YOUR MOVE - Property @ Cumbria, Carlisle Estate Agent ",01228 276062
161788589,"Parkland Mews, Carlisle, CA1 3GL","£325,000",https://www.rightmove.co.uk/properties/161788589#/?channel=RES_BUY,End of Terrace,3,2,"eXp UK, North West Estate Agent ",03304 609968
163761467,"Armathwaite, Carlisle, CA4","£325,000",https://www.rightmove.co.uk/properties/163761467#/?channel=RES_BUY,Semi-Detached,4,2,"Cumbrian Properties, Carlisle Estate Agent ",01228 276406
160591424,"Moorhouse Road, Belle Vue, Carlisle, CA2","£325,000",https://www.rightmove.co.uk/properties/160591424#/?channel=RES_BUY,Detached,3,1,"Cumbrian Properties, Carlisle Estate Agent ",01228 276406
155470532,"Linstock, Carlisle","£315,000",https://www.rightmove.co.uk/properties/155470532#/?channel=RES_BUY,Detached Bungalow,3,1,"Hayward Tod Associates, Carlisle Estate Agent ",01228 276938
163890866,"Durdar Road, Carlisle, CA2","£315,000",https://www.rightmove.co.uk/properties/163890866#/?channel=RES_BUY,Semi-Detached Bungalow,3,1,"Cumbrian Properties, Carlisle Estate Agent ",01228 276406
157563149,"Townhead Road, Dalston, Carlisle, Cumbria, CA5","£310,000",https://www.rightmove.co.uk/properties/157563149#/?channel=RES_BUY,Bungalow,2,2,"YOUR MOVE - Property @ Cumbria, Carlisle Estate Agent ",01228 276062
159216488,"Bren Hill, Newby West, Carlisle, Cumbria","£310,000",https://www.rightmove.co.uk/properties/159216488#/?channel=RES_BUY,Bungalow,4,2,"H&H Land & Estates, Carlisle Estate Agent ",01228 276977
161335448,"Pennington Drive, Carlisle, CA3","£310,000",https://www.rightmove.co.uk/properties/161335448#/?channel=RES_BUY,Detached,4,2,"Yopa, Scotland & The North Estate Agent ",0161 524 0574
162856853,"Eden Street, Carlisle","£300,000",https://www.rightmove.co.uk/properties/162856853#/?channel=RES_BUY,End of Terrace,3,1,"Hunters, Carlisle Estate Agent ",01228 276402
150508247,"Marlborough Gardens, Carlisle, CA3","£300,000",https://www.rightmove.co.uk/properties/150508247#/?channel=RES_BUY,Apartment,3,2,"Kate Robson Estate Agent, Cumbria Estate Agent ",01228 276890
163751336,"Kirkstone Crescent, Carlisle, CA2 5QW","£300,000",https://www.rightmove.co.uk/properties/163751336#/?channel=RES_BUY,Semi-Detached Bungalow,3,1,"eXp UK, North West Estate Agent ",03304 609968
163868828,"Birkby House, Cavendish Terrace, Carlisle, Cumbria","£300,000",https://www.rightmove.co.uk/properties/163868828#/?channel=RES_BUY,Semi-Detached,4,2,"H&H Land & Estates, Carlisle Estate Agent ",01228 276977
160062227,"Great Corby, Carlisle, CA4 8LL","£300,000",https://www.rightmove.co.uk/properties/160062227#/?channel=RES_BUY,Cottage,3,1,"eXp UK, North West Estate Agent ",03304 609968
162939452,"St. James Road, Carlisle, CA2 5PD","£299,995",https://www.rightmove.co.uk/properties/162939452#/?channel=RES_BUY,End of Terrace,3,1,"eXp UK, North West Estate Agent ",03304 609968
158610188,"The Stable, Pow Maughan Court, Scotby, Carlisle, CA4 8EG","£299,950",https://www.rightmove.co.uk/properties/158610188#/?channel=RES_BUY,Barn Conversion,4,2,"eXp UK, North West Estate Agent ",03304 609968
161530535,"Forge Cottage, Armathwaite CA4 9PB","£295,000",https://www.rightmove.co.uk/properties/161530535#/?channel=RES_BUY,Cottage,3,1,"Arnison Heelis Estate Agents, Penrith Estate Agent ",01768 806193
161806466,"Townend Cottages , Rosley","£295,000",https://www.rightmove.co.uk/properties/161806466#/?channel=RES_BUY,Semi-Detached,3,1,"Hayward Tod Associates, Carlisle Estate Agent ",01228 276938
163811702,"The Barn, West House, Thursby, Carlisle, CA5","£295,000",https://www.rightmove.co.uk/properties/163811702#/?channel=RES_BUY,Barn Conversion,3,1,"Cumbrian Properties, Carlisle Estate Agent ",01228 276406
147739001,"Cardewlees, Carlisle","£295,000",https://www.rightmove.co.uk/properties/147739001#/?channel=RES_BUY,Detached,4,3,"Hayward Tod Associates, Carlisle Estate Agent ",01228 276938
132450311,"Cargo, Carlisle, CA6","£294,000",https://www.rightmove.co.uk/properties/132450311#/?channel=RES_BUY,Detached,4,1,"Cumbrian Properties, Carlisle Estate Agent ",01228 276406
160122389,"The Green, Wetheral, CA4","£289,950",https://www.rightmove.co.uk/properties/160122389#/?channel=RES_BUY,Apartment,2,2,"Kate Robson Estate Agent, Cumbria Estate Agent ",01228 276890
148365440,Southwaite,"£289,000",https://www.rightmove.co.uk/properties/148365440#/?channel=RES_BUY,Bungalow,2,1,"David Britton Estates, Penrith Estate Agent ",01768 800886
159520463,"2 Woodhayes, Carlisle","£285,000",https://www.rightmove.co.uk/properties/159520463#/?channel=RES_BUY,Detached Bungalow,2,1,"Hayward Tod Associates, Carlisle Estate Agent ",01228 276938
159038747,"Clarksville Close, Carlisle, CA1 3GT","£285,000",https://www.rightmove.co.uk/properties/159038747#/?channel=RES_BUY,Detached,4,2,"eXp UK, North West Estate Agent ",03304 609968
151829648,"Warwick Bridge, Carlisle","£285,000",https://www.rightmove.co.uk/properties/151829648#/?channel=RES_BUY,House,4,3,"David Britton Estates, Penrith Estate Agent ",01768 800886
160765553,"Barclose, Scaleby, Carlisle","£285,000",https://www.rightmove.co.uk/properties/160765553#/?channel=RES_BUY,Detached Bungalow,2,1,"Hayward Tod Associates, Carlisle Estate Agent ",01228 276938
144040235,"Rickerby, Carlisle, CA3","£285,000",https://www.rightmove.co.uk/properties/144040235#/?channel=RES_BUY,End of Terrace,2,1,"BPK Estate Agents, Carlisle Estate Agent ",01228 582064
164154476,"Westlinton, Carlisle","£285,000",https://www.rightmove.co.uk/properties/164154476#/?channel=RES_BUY,Bungalow,3,1,"Hunters, Carlisle Estate Agent ",01228 276402
154949795,"The Green, Wetheral, CA4","£285,000",https://www.rightmove.co.uk/properties/154949795#/?channel=RES_BUY,Flat,2,2,"Kate Robson Estate Agent, Cumbria Estate Agent ",01228 276890
160452929,"Orchard Lane, Houghton","£284,500",https://www.rightmove.co.uk/properties/160452929#/?channel=RES_BUY,Semi-Detached Bungalow,2,2,"Homesearch Direct, Carlisle Estate Agent ",01228 582040
161280932,"Heads Nook, Brampton","£280,000",https://www.rightmove.co.uk/properties/161280932#/?channel=RES_BUY,Detached,3,1,"Hayward Tod Associates, Carlisle Estate Agent ",01228 276938
162639698,"Speckled Wood Drive, Carlisle, CA1","£280,000",https://www.rightmove.co.uk/properties/162639698#/?channel=RES_BUY,Detached,4,2,"Hunters, Carlisle Estate Agent ",01228 276402
164114168,"Nelson Street,Carlisle,CA2 5NH","£280,000",https://www.rightmove.co.uk/properties/164114168#/?channel=RES_BUY,End of Terrace,4,3,"eXp UK, North West Estate Agent ",03304 609968
149038253,"Warwick Road, Carlisle, Cumbria, CA1","£279,000",https://www.rightmove.co.uk/properties/149038253#/?channel=RES_BUY,Terraced,7,3,"YOUR MOVE - Property @ Cumbria, Carlisle Estate Agent ",01228 276062
158032337,"Chestnut Grove, Linstock, Carlisle, CA6","£275,000",https://www.rightmove.co.uk/properties/158032337#/?channel=RES_BUY,Barn Conversion,3,1,"Cumbrian Properties, Carlisle Estate Agent ",01228 276406
162918380,"Orchard Lane, Houghton","£275,000",https://www.rightmove.co.uk/properties/162918380#/?channel=RES_BUY,Semi-Detached Bungalow,2,1,"Homesearch Direct, Carlisle Estate Agent ",01228 582040
157879034,"Little Corby Road, Little Corby, Carlisle","£270,000",https://www.rightmove.co.uk/properties/157879034#/?channel=RES_BUY,Detached Bungalow,3,1,"Vicinity Homes, Carlisle Estate Agent ",01228 276973
152647478,"Cummersdale, Carlisle, Cumbria, CA2","£270,000",https://www.rightmove.co.uk/properties/152647478#/?channel=RES_BUY,Semi-Detached,3,1,"YOUR MOVE - Property @ Cumbria, Carlisle Estate Agent ",01228 276062
160648424,"Copper Way, Carlisle, CA1","£269,950",https://www.rightmove.co.uk/properties/160648424#/?channel=RES_BUY,Detached,4,2,"Cumbrian Properties, Carlisle Estate Agent ",01228 276406
156820004,"Dalesman Drive, Carlisle","£269,000",https://www.rightmove.co.uk/properties/156820004#/?channel=RES_BUY,Detached,4,2,"Homesearch Direct, Carlisle Estate Agent ",01228 582040
159890003,"Hurley Road, Little Corby, Carlisle, Cumbria, CA4","£265,000",https://www.rightmove.co.uk/properties/159890003#/?channel=RES_BUY,Detached,3,2,"BPK Estate Agents, Carlisle Estate Agent ",01228 582064
158572301,"Dalesman Drive, Carlisle, CA1","£265,000",https://www.rightmove.co.uk/properties/158572301#/?channel=RES_BUY,Detached,4,2,"Cumbrian Properties, Carlisle Estate Agent ",01228 276406
161971013,"Stanwix Bank, Carlisle, CA3","£265,000",https://www.rightmove.co.uk/properties/161971013#/?channel=RES_BUY,Cottage,3,2,"Northwood, Carlisle Estate Agent ",01228 279058
161503856,"Knowe Park Avenue, Carlisle, CA3 9EL","£265,000",https://www.rightmove.co.uk/properties/161503856#/?channel=RES_BUY,Semi-Detached,3,1,"eXp UK, North West Estate Agent ",03304 609968
148668248,"Hart Street, Carlisle","£260,000",https://www.rightmove.co.uk/properties/148668248#/?channel=RES_BUY,End of Terrace,3,1,"Hayward Tod Associates, Carlisle Estate Agent ",01228 276938
162568937,"Eden Park Crescent, Off Warwick Road , Carlisle, CA1","£259,950",https://www.rightmove.co.uk/properties/162568937#/?channel=RES_BUY,Detached Bungalow,3,1,"Cumbrian Properties, Carlisle Estate Agent ",01228 276406
163534301,"Lough Wood Crescent, Scotby, Carlisle, Cumbria, CA4","£255,000",https://www.rightmove.co.uk/properties/163534301#/?channel=RES_BUY,Semi-Detached,3,2,"BPK Estate Agents, Carlisle Estate Agent ",01228 582064
159245930,"Brunstock Lane, Houghton, Carlisle","£250,000",https://www.rightmove.co.uk/properties/159245930#/?channel=RES_BUY,Detached Bungalow,2,1,"Hayward Tod Associates, Carlisle Estate Agent ",01228 276938
161927681,"Land At Little Corby Hall, Little Corby Hall, Carlisle, Cumbria","£250,000",https://www.rightmove.co.uk/properties/161927681#/?channel=COM_BUY,Land,,,"H&H Land & Estates, Carlisle Estate Agent ",01228 276977
163923836,"Abbotsford Drive, Carlisle, Cumbria, CA3","£250,000",https://www.rightmove.co.uk/properties/163923836#/?channel=RES_BUY,Semi-Detached,3,1,"YOUR MOVE - Property @ Cumbria, Carlisle Estate Agent ",01228 276062
158343998,"Harker, Carlisle, CA6","£250,000",https://www.rightmove.co.uk/properties/158343998#/?channel=RES_BUY,Detached Bungalow,3,1,"Cumbrian Properties, Carlisle Estate Agent ",01228 276406
152322497,"124 Warwick Road, Carlisle, Cumbria","£250,000",https://www.rightmove.co.uk/properties/152322497#/?channel=RES_BUY,Semi-Detached,5,3,"H&H Land & Estates, Carlisle Estate Agent ",01228 276977
159128807,"Scotby Grange, Scotby, CA4","£250,000",https://www.rightmove.co.uk/properties/159128807#/?channel=RES_BUY,Town House,4,3,"PFK, Penrith Estate Agent ",01760 308696
160119053,"Dalston Road, Carlisle, CA2","£250,000",https://www.rightmove.co.uk/properties/160119053#/?channel=RES_BUY,Semi-Detached,3,1,"eXp UK, North West Estate Agent ",03304 609968
154955426,"Haycock Lane, Carlisle, CA2 6QN","£250,000",https://www.rightmove.co.uk/properties/154955426#/?channel=RES_BUY,Detached,4,2,"eXp UK, North West Estate Agent ",03304 609968
163868855,"25 Marlborough Gardens and The Flat, Carlisle, Cumbria","£250,000",https://www.rightmove.co.uk/properties/163868855#/?channel=RES_BUY,Semi-Detached,3,3,"H&H Land & Estates, Carlisle Estate Agent ",01228 276977
163462727,"Hart Street, Carlisle, CA1 2BP","£250,000",https://www.rightmove.co.uk/properties/163462727#/?channel=RES_BUY,End of Terrace,3,1,"eXp UK, North West Estate Agent ",03304 609968
164055326,"Forest Hill, Carlisle","£250,000",https://www.rightmove.co.uk/properties/164055326#/?channel=RES_BUY,Semi-Detached,5,1,"David Britton Estates, Penrith Estate Agent ",01768 800886
164195540,"Belah Crescent, Carlisle, CA3","£250,000",https://www.rightmove.co.uk/properties/164195540#/?channel=RES_BUY,Semi-Detached,3,1,"Kate Robson Estate Agent, Cumbria Estate Agent ",01228 276890
154389098,Top Flat & 1 Station House,"£250,000",https://www.rightmove.co.uk/properties/154389098#/?channel=RES_BUY,Apartment,5,2,"Hayward Tod Associates, Carlisle Estate Agent ",01228 276938
162528392,"Hartington Place, Carlisle, CA1","£250,000",https://www.rightmove.co.uk/properties/162528392#/?channel=RES_BUY,Terraced,5,5,"Cumbrian Properties, Carlisle Estate Agent ",01228 276406
160512548,"The Green, Wreay","£250,000",https://www.rightmove.co.uk/properties/160512548#/?channel=COM_BUY,Land,4,3,"Hayward Tod Associates, Carlisle Estate Agent ",01228 276938
163046309,"Channel Pool and Paddock , Armathwaite, Carlisle, Cumbria CA4 9QY","£250,000",https://www.rightmove.co.uk/properties/163046309#/?channel=RES_BUY,Detached,3,2,"Auction House Cumbria, Carlisle Estate Agent ",01228 937772
161748437,"Chertsey Bank, Carlisle, Cumbria, CA1","£250,000",https://www.rightmove.co.uk/properties/161748437#/?channel=RES_BUY,Semi-Detached,3,2,"YOUR MOVE - Property @ Cumbria, Carlisle Estate Agent ",01228 276062
164162765,"Edenside,Cargo,Carlisle,CA6 4AQ","£249,950",https://www.rightmove.co.uk/properties/164162765#/?channel=RES_BUY,Detached,3,2,"eXp UK, North West Estate Agent ",03304 609968
163906754,"Knowefield Avenue, Carlisle, CA3 9BQ","£249,950",https://www.rightmove.co.uk/properties/163906754#/?channel=RES_BUY,Semi-Detached,3,1,"eXp UK, North West Estate Agent ",03304 609968
153589712,"Noble Garth, Hayton, Brampton, CA8","£245,000",https://www.rightmove.co.uk/properties/153589712#/?channel=RES_BUY,Detached,2,1,"Hunters, Carlisle Estate Agent ",01228 276402
163399250,"Craiktrees, Townhead Road, Dalston, Carlisle, CA5 7QU","£245,000",https://www.rightmove.co.uk/properties/163399250#/?channel=RES_BUY,Cottage,2,2,"eXp UK, North West Estate Agent ",03304 609968
161566106,"Durdar Road, Carlisle, Cumbria, CA2","£245,000",https://www.rightmove.co.uk/properties/161566106#/?channel=RES_BUY,Semi-Detached,3,2,"YOUR MOVE - Property @ Cumbria, Carlisle Estate Agent ",01228 276062
162084518,"Green Lane, Carlisle","£245,000",https://www.rightmove.co.uk/properties/162084518#/?channel=RES_BUY,Semi-Detached,3,1,"Homesearch Direct, Carlisle Estate Agent ",01228 582040
160665275,"1 Elder Drive, Carlisle, Cumbria","£245,000",https://www.rightmove.co.uk/properties/160665275#/?channel=RES_BUY,Semi-Detached,3,2,"H&H Land & Estates, Carlisle Estate Agent ",01228 276977
163714388,"Newbury Way,Carlisle,CA2 4QN","£242,500",https://www.rightmove.co.uk/properties/163714388#/?channel=RES_BUY,Semi-Detached,4,2,"eXp UK, North West Estate Agent ",03304 609968
160482959,"7 Worthington Place, Parkland Village, Cumwhinton Drive, Carlisle, CA1 3TS","£240,000",https://www.rightmove.co.uk/properties/160482959#/?channel=RES_BUY,Town House,4,2,"Kate Robson Estate Agent, Cumbria Estate Agent ",01228 276890
162747110,"Little Corby Road, Little Corby, CA4","£240,000",https://www.rightmove.co.uk/properties/162747110#/?channel=RES_BUY,Semi-Detached,5,1,"PFK, Penrith Estate Agent ",01760 308696
159682793,"Blackford, Carlisle","£240,000",https://www.rightmove.co.uk/properties/159682793#/?channel=RES_BUY,Semi-Detached,4,2,"Vicinity Homes, Carlisle Estate Agent ",01228 276973
150258443,CA8,"£240,000",https://www.rightmove.co.uk/properties/150258443#/?channel=RES_BUY,Log Cabin,,,"EDWIN THOMPSON, Carlisle Estate Agent ",01228 587314
161823986,"South Croft, Houghton","£240,000",https://www.rightmove.co.uk/properties/161823986#/?channel=RES_BUY,Detached Bungalow,2,2,"Homesearch Direct, Carlisle Estate Agent ",01228 582040
163675670,"Thornton Road, Carlisle, CA3","£239,950",https://www.rightmove.co.uk/properties/163675670#/?channel=RES_BUY,Apartment,2,2,"Kate Robson Estate Agent, Cumbria Estate Agent ",01228 276890
162596807,"Dunlin Close, Carlisle, CA2","£239,950",https://www.rightmove.co.uk/properties/162596807#/?channel=RES_BUY,Semi-Detached,3,3,"Kate Robson Estate Agent, Cumbria Estate Agent ",01228 276890
160887749,"Burgh Road, Carlisle, CA2 7NB","£238,500",https://www.rightmove.co.uk/properties/160887749#/?channel=RES_BUY,Detached Bungalow,3,1,"eXp UK, North West Estate Agent ",03304 609968
163666007,"The Roe, Eden Lodge Retreat, Crosby-on-Eden, CA6 4RA","£235,000",https://www.rightmove.co.uk/properties/163666007#/?channel=RES_BUY,Lodge,2,2,"Kate Robson Estate Agent, Cumbria Estate Agent ",01228 276890
161321381,"Carleton, Carlisle, Cumbria, CA4","£235,000",https://www.rightmove.co.uk/properties/161321381#/?channel=RES_BUY,End of Terrace,2,,"YOUR MOVE - Property @ Cumbria, Carlisle Estate Agent ",01228 276062
163312328,"Fenwick Drive, Kingstown, Carlisle, CA6 4DL","£235,000",https://www.rightmove.co.uk/properties/163312328#/?channel=RES_BUY,Semi-Detached,3,2,"eXp UK, North West Estate Agent ",03304 609968
163745495,"Newbury Way, The Ridings, Carlisle","£235,000",https://www.rightmove.co.uk/properties/163745495#/?channel=RES_BUY,Semi-Detached,4,2,"Tiffen & Co, Carlisle Estate Agent ",01228 936426
162519932,"Birchdale Road, Carlisle, Cumbria, CA2","£230,000",https://www.rightmove.co.uk/properties/162519932#/?channel=RES_BUY,House,3,1,"YOUR MOVE - Property @ Cumbria, Carlisle Estate Agent ",01228 276062
163325525,"Moorhouse Road, Carlisle","£230,000",https://www.rightmove.co.uk/properties/163325525#/?channel=RES_BUY,Semi-Detached,3,1,"Tiffen & Co, Carlisle Estate Agent ",01228 936426
164200328,"Swann Lane, Carlisle, CA1","£230,000",https://www.rightmove.co.uk/properties/164200328#/?channel=RES_BUY,Semi-Detached,3,1,"Kate Robson Estate Agent, Cumbria Estate Agent ",01228 276890
153649409,"Rosebank, Brampton","£230,000",https://www.rightmove.co.uk/properties/153649409#/?channel=RES_BUY,Semi-Detached,2,1,"Homesearch Direct, Carlisle Estate Agent ",01228 582040
163973183,"Godwine Close, Carlisle, CA3","£230,000",https://www.rightmove.co.uk/properties/163973183#/?channel=RES_BUY,Detached,3,1,"Kate Robson Estate Agent, Cumbria Estate Agent ",01228 276890
163513547,"Thornton Road,Carlisle,CA3 9HY","£230,000",https://www.rightmove.co.uk/properties/163513547#/?channel=RES_BUY,Maisonette,3,2,"eXp UK, North West Estate Agent ",03304 609968
162534329,"Dunlin Close, Carlisle, CA2","£229,999",https://www.rightmove.co.uk/properties/162534329#/?channel=RES_BUY,Semi-Detached,3,1,"House Sales Direct, Cheadle Estate Agent ",0161 524 8266
163374773,"2 Austin Court, Etterby Road","£225,000",https://www.rightmove.co.uk/properties/163374773#/?channel=RES_BUY,Mews,3,2,"Hayward Tod Associates, Carlisle Estate Agent ",01228 276938
164159843,"Speckled Wood Drive, Carlisle, CA1 3RD","£225,000",https://www.rightmove.co.uk/properties/164159843#/?channel=RES_BUY,Detached,3,2,"eXp UK, North West Estate Agent ",03304 609968
161557076,"Cherry Tree Lane., Cumwhinton, Carlisle, Cumbria, CA4",POA,https://www.rightmove.co.uk/properties/161557076#/?channel=COM_BUY,Land,,,"BPK Estate Agents, Carlisle Estate Agent ",01228 582064
163062407,"Lodore Drive, Belle Vue, Carlisle, CA2","£225,000",https://www.rightmove.co.uk/properties/163062407#/?channel=RES_BUY,Semi-Detached,3,1,"Cumbrian Properties, Carlisle Estate Agent ",01228 276406
162504104,"Keenan Road, Carlisle, Cumbria, CA1 3UF","£225,000",https://www.rightmove.co.uk/properties/162504104#/?channel=RES_BUY,Detached,3,2,"eXp UK, North West Estate Agent ",03304 609968
156913250,"Aglionby, Carlisle","£225,000",https://www.rightmove.co.uk/properties/156913250#/?channel=RES_BUY,Ground Flat,2,2,"Hayward Tod Associates, Carlisle Estate Agent ",01228 276938
156141194,"Holmrook Road, Sandsfield Park, Carlisle","£225,000",https://www.rightmove.co.uk/properties/156141194#/?channel=RES_BUY,Detached Bungalow,3,1,"Tiffen & Co, Carlisle Estate Agent ",01228 936426
163504262,"Whinlatter Way, Carlisle, CA2","£225,000",https://www.rightmove.co.uk/properties/163504262#/?channel=RES_BUY,Semi-Detached Bungalow,2,1,"Kate Robson Estate Agent, Cumbria Estate Agent ",01228 276890
161558231,"Cherry Tree Lane, Cumwhinton, Carlisle, Cumbria, CA4",POA,https://www.rightmove.co.uk/properties/161558231#/?channel=COM_BUY,Land,,,"BPK Estate Agents, Carlisle Estate Agent ",01228 582064
147215699,"Kingstown Road, Carlisle","£220,000",https://www.rightmove.co.uk/properties/147215699#/?channel=RES_BUY,Detached Bungalow,2,1,"Hayward Tod Associates, Carlisle Estate Agent ",01228 276938
163804310,"Dalston, Carlisle, CA5","£220,000",https://www.rightmove.co.uk/properties/163804310#/?channel=RES_BUY,Terraced,2,1,"Kate Robson Estate Agent, Cumbria Estate Agent ",01228 276890
163511606,"Scaleby, Carlisle, CA6","£220,000",https://www.rightmove.co.uk/properties/163511606#/?channel=RES_BUY,Semi-Detached,3,1,"Cumbrian Properties, Carlisle Estate Agent ",01228 276406
161994002,"Robert Chance Gardens, Morton Park, Carlisle, CA2","£185,000",https://www.rightmove.co.uk/properties/161994002#/?channel=RES_BUY,Bungalow,2,1,"Cumbrian Properties, Carlisle Estate Agent ",01228 276406
160694786,"Scalesceugh Hall, Carleton, Carlisle, CA4","£220,000",https://www.rightmove.co.uk/properties/160694786#/?channel=RES_BUY,Apartment,2,2,"Cumbrian Properties, Carlisle Estate Agent ",01228 276406
160570136,"Close Street, Carlisle","£220,000",https://www.rightmove.co.uk/properties/160570136#/?channel=RES_BUY,Terraced,8,3,"Tiffen & Co, Carlisle Estate Agent ",01228 936426
158310809,"Stonehouse Park, Thursby, Carlisle, Cumbria, CA5","£220,000",https://www.rightmove.co.uk/properties/158310809#/?channel=RES_BUY,Detached,3,2,"YOUR MOVE - Property @ Cumbria, Wigton Estate Agent ",01697 921901
163912067,"Kirkstone Crescent, Carlisle","£219,950",https://www.rightmove.co.uk/properties/163912067#/?channel=RES_BUY,Semi-Detached Bungalow,2,1,"Vicinity Homes, Carlisle Estate Agent ",01228 276973
153768908,"Hall Hills, Raughton Head, Dalston","£219,000",https://www.rightmove.co.uk/properties/153768908#/?channel=RES_BUY,Barn Conversion,2,1,"David Britton Estates, Penrith Estate Agent ",01768 800886
161556398,"Cherry Tree Lane, Cumwhinton, Carlisle, Cumbria, CA4",POA,https://www.rightmove.co.uk/properties/161556398#/?channel=COM_BUY,Land,,,"BPK Estate Agents, Carlisle Estate Agent ",01228 582064
164011271,"Knowe Park Avenue, Carlisle, CA3","£215,000",https://www.rightmove.co.uk/properties/164011271#/?channel=RES_BUY,Semi-Detached,3,1,"Belvoir, Carlisle Estate Agent ",01228 819888
157487846,"15 Scalesceugh Hall, Carleton, Carlisle, Cumbria","£210,000",https://www.rightmove.co.uk/properties/157487846#/?channel=RES_BUY,Apartment,2,2,"H&H Land & Estates, Carlisle Estate Agent ",01228 276977
151411322,"Lismore Street, Carlisle, Cumbria, CA1","£210,000",https://www.rightmove.co.uk/properties/151411322#/?channel=RES_BUY,Terraced,4,2,"YOUR MOVE - Property @ Cumbria, Carlisle Estate Agent ",01228 276062
161557904,"Cherry Tree Lane, Cumwhinton, Carlisle, Cumbria, CA4",POA,https://www.rightmove.co.uk/properties/161557904#/?channel=COM_BUY,Land,,,"BPK Estate Agents, Carlisle Estate Agent ",01228 582064
164054075,"Petteril Street, Carlisle, Cumbria, CA1","£210,000",https://www.rightmove.co.uk/properties/164054075#/?channel=RES_BUY,Terraced,3,1,"BPK Estate Agents, Carlisle Estate Agent ",01228 582064
161557706,"Cherry Tree Lane, Cumwhinton, Carlisle, Cumbria, CA4",POA,https://www.rightmove.co.uk/properties/161557706#/?channel=COM_BUY,Land,,,"BPK Estate Agents, Carlisle Estate Agent ",01228 582064
157860635,"Briar Bank, Belah, Carlisle, CA3","£209,000",https://www.rightmove.co.uk/properties/157860635#/?channel=RES_BUY,Semi-Detached,4,1,"Cumbrian Properties, Carlisle Estate Agent ",01228 276406
163925033,"Gordon Richards House, Furlong View","£205,000",https://www.rightmove.co.uk/properties/163925033#/?channel=RES_BUY,Apartment,2,2,"Hayward Tod Associates, Carlisle Estate Agent ",01228 276938
163588523,"Madam Banks Road, Dalston, CA5","£200,000",https://www.rightmove.co.uk/properties/163588523#/?channel=RES_BUY,Terraced,3,1,"Kate Robson Estate Agent, Cumbria Estate Agent ",01228 276890
160908488,"Brisco, Carlisle, CA4","£200,000",https://www.rightmove.co.uk/properties/160908488#/?channel=RES_BUY,Cottage,2,2,"Kate Robson Estate Agent, Cumbria Estate Agent ",01228 276890
161555777,"Cherry Tree Lane, Cumwhinton, Carlisle, Cumbria, CA4",POA,https://www.rightmove.co.uk/properties/161555777#/?channel=COM_BUY,Land,,,"BPK Estate Agents, Carlisle Estate Agent ",01228 582064
164200022,"Broad Street, Carlisle, CA1 2AQ","£200,000",https://www.rightmove.co.uk/properties/164200022#/?channel=RES_BUY,Terraced,3,1,"eXp UK, North West Estate Agent ",03304 609968
161581007,"Cherry Tree Lane, Cumwhinton, Carlisle, Cumbria, CA4",POA,https://www.rightmove.co.uk/properties/161581007#/?channel=COM_BUY,Land,,,"BPK Estate Agents, Carlisle Estate Agent ",01228 582064
160097747,"Cammock Crescent, Carlisle","£200,000",https://www.rightmove.co.uk/properties/160097747#/?channel=RES_BUY,Semi-Detached Bungalow,3,1,"Tiffen & Co, Carlisle Estate Agent ",01228 936426
161556200,"Cherry Tree Lane, Cumwhinton, Carlisle, Cumbria, CA4",POA,https://www.rightmove.co.uk/properties/161556200#/?channel=COM_BUY,Land,,,"BPK Estate Agents, Carlisle Estate Agent ",01228 582064
160735181,"2 Beck Cottages, Hayton, CA8 9HP","£200,000",https://www.rightmove.co.uk/properties/160735181#/?channel=RES_BUY,Semi-Detached Bungalow,2,1,"eXp UK, North West Estate Agent ",03304 609968
161530736,"Cherry Tree Lane, Cumwhinton, Carlisle, CA4",POA,https://www.rightmove.co.uk/properties/161530736#/?channel=COM_BUY,Land,,,"BPK Estate Agents, Carlisle Estate Agent ",01228 582064
162782216,"Lingmoor Way, Carlisle, CA1 3LW","£200,000",https://www.rightmove.co.uk/properties/162782216#/?channel=RES_BUY,Semi-Detached,4,2,"eXp UK, North West Estate Agent ",03304 609968
161557472,"Cherry Tree Lane, Cumwhinton, Carlisle, Cumbria, CA4",POA,https://www.rightmove.co.uk/properties/161557472#/?channel=COM_BUY,Land,,,"BPK Estate Agents, Carlisle Estate Agent ",01228 582064
160221689,"The Coops Beat, River Eden, Grinsdale, Cumbria, CA5 6DS","£200,000",https://www.rightmove.co.uk/properties/160221689#/?channel=COM_BUY,Land,,,"EDWIN THOMPSON, Carlisle Estate Agent ",01228 587314
162831248,"Petteril Street, Carlisle","£200,000",https://www.rightmove.co.uk/properties/162831248#/?channel=RES_BUY,Terraced,4,1,"Tiffen & Co, Carlisle Estate Agent ",01228 936426
161557787,"Cherry Tree Lane, Cumwhinton, Carlisle, Cumbria, CA4",POA,https://www.rightmove.co.uk/properties/161557787#/?channel=COM_BUY,Land,,,"BPK Estate Agents, Carlisle Estate Agent ",01228 582064
162181439,"Cherry Tree Lane, Cumwhinton, Carlisle, Cumbria, CA4",POA,https://www.rightmove.co.uk/properties/162181439#/?channel=COM_BUY,Land,,,"BPK Estate Agents, Carlisle Estate Agent ",01228 582064
156924236,"Hurley Road, Little Corby, CA4","£199,999",https://www.rightmove.co.uk/properties/156924236#/?channel=RES_BUY,Semi-Detached,3,1,"Kate Robson Estate Agent, Cumbria Estate Agent ",01228 276890
164107277,"Langrigg Road, Carlisle","£199,950",https://www.rightmove.co.uk/properties/164107277#/?channel=RES_BUY,Semi-Detached,2,1,"Vicinity Homes, Carlisle Estate Agent ",01228 276973
158460245,"Reiver Place, Carlisle, CA3","£199,950",https://www.rightmove.co.uk/properties/158460245#/?channel=RES_BUY,Apartment,2,2,"Cumbrian Properties, Carlisle Estate Agent ",01228 276406
163665953,"The Fallow, Eden Lodge Retreat, Crosby-on-Eden, Carlisle, CA6 4RA","£199,000",https://www.rightmove.co.uk/properties/163665953#/?channel=RES_BUY,Lodge,3,2,"Kate Robson Estate Agent, Cumbria Estate Agent ",01228 276890
156298754,"Armathwaite, Carlisle, Cumbria, CA4","£195,000",https://www.rightmove.co.uk/properties/156298754#/?channel=RES_BUY,Semi-Detached,4,2,"YOUR MOVE - Property @ Cumbria, Carlisle Estate Agent ",01228 276062
158931389,"Lowry Gardens, Carlisle","£195,000",https://www.rightmove.co.uk/properties/158931389#/?channel=RES_BUY,Terraced,3,3,"Homesearch Direct, Carlisle Estate Agent ",01228 582040
163031171,"1 Glenview Cottages, Great Corby, Carlisle, Cumbria","£190,000",https://www.rightmove.co.uk/properties/163031171#/?channel=RES_BUY,End of Terrace,2,1,"H&H Land & Estates, Carlisle Estate Agent ",01228 276977
160828709,"Sanderling Close, Carlisle, CA2","£190,000",https://www.rightmove.co.uk/properties/160828709#/?channel=RES_BUY,Semi-Detached,3,1,"YOUR MOVE - Property @ Cumbria, Carlisle Estate Agent ",01228 276062
157315760,"Holme Eden Farm Cottages, Warwick Bridge, Carlisle, CA4 8RE","£190,000",https://www.rightmove.co.uk/properties/157315760#/?channel=RES_BUY,Terraced,3,1,"eXp UK, North West Estate Agent ",03304 609968
161309837,"Boundary Road, Carlisle","£190,000",https://www.rightmove.co.uk/properties/161309837#/?channel=RES_BUY,Terraced,5,2,"Vicinity Homes, Carlisle Estate Agent ",01228 276973
162466358,"Cavendish Court, Warwick Square, Carlisle, CA1","£190,000",https://www.rightmove.co.uk/properties/162466358#/?channel=RES_BUY,Apartment,2,2,"Hunters, Carlisle Estate Agent ",01228 276402
163472222,"43 Ridgemount Road, Carlisle, Cumbria","£187,000",https://www.rightmove.co.uk/properties/163472222#/?channel=RES_BUY,Semi-Detached,3,1,"H&H Land & Estates, Carlisle Estate Agent ",01228 276977
161321363,"London Road, Carlisle, Cumbria, CA1","£185,000",https://www.rightmove.co.uk/properties/161321363#/?channel=RES_BUY,Semi-Detached,3,1,"YOUR MOVE - Property @ Cumbria, Carlisle Estate Agent ",01228 276062
163058069,"Etterby Street, Carlisle","£185,000",https://www.rightmove.co.uk/properties/163058069#/?channel=RES_BUY,Terraced,3,1,"Hayward Tod Associates, Carlisle Estate Agent ",01228 276938
159613274,"Scalesceugh Hall, Carleton, Carlisle","£185,000",https://www.rightmove.co.uk/properties/159613274#/?channel=RES_BUY,Apartment,1,1,"Hayward Tod Associates, Carlisle Estate Agent ",01228 276938
164052278,"Carlisle, CA3 0GY","£184,950",https://www.rightmove.co.uk/properties/164052278#/?channel=RES_BUY,Semi-Detached,2,1,"eXp UK, North West Estate Agent ",03304 609968
160091228,"Warwick Road, Carlisle, CA1","£182,500",https://www.rightmove.co.uk/properties/160091228#/?channel=RES_BUY,End of Terrace,3,1,"Cumbrian Properties, Carlisle Estate Agent ",01228 276406
164135381,"Etterby Road, Carlisle","£180,000",https://www.rightmove.co.uk/properties/164135381#/?channel=RES_BUY,End of Terrace,2,3,"Hunters, Carlisle Estate Agent ",01228 276402
164181392,"Cammock Crescent, Carlisle","£179,950",https://www.rightmove.co.uk/properties/164181392#/?channel=RES_BUY,Semi-Detached Bungalow,2,1,"Vicinity Homes, Carlisle Estate Agent ",01228 276973
143120066,"Scalesceugh Hall, Carleton","£179,000",https://www.rightmove.co.uk/properties/143120066#/?channel=RES_BUY,Apartment,1,1,"Hayward Tod Associates, Carlisle Estate Agent ",01228 276938
160461335,"Church Terrace, Stanwix, Carlisle","£179,000",https://www.rightmove.co.uk/properties/160461335#/?channel=RES_BUY,End of Terrace,4,1,"Hayward Tod Associates, Carlisle Estate Agent ",01228 276938
162941483,"Railton Gardens, Sandsfield Park, Carlisle, CA2","£175,000",https://www.rightmove.co.uk/properties/162941483#/?channel=RES_BUY,Bungalow,2,1,"Cumbrian Properties, Carlisle Estate Agent ",01228 276406
161671070,"Madam Banks Road, Dalston, Carlisle, CA5","£175,000",https://www.rightmove.co.uk/properties/161671070#/?channel=RES_BUY,Terraced,3,1,"Cumbrian Properties, Carlisle Estate Agent ",01228 276406
158593769,"Barrock Park, Southwaite, Carlisle, Cumbria, CA4","£175,000",https://www.rightmove.co.uk/properties/158593769#/?channel=RES_BUY,End of Terrace,2,2,"YOUR MOVE - Property @ Cumbria, Carlisle Estate Agent ",01228 276062
164011727,"The Forge, Dalston, Carlisle","£175,000",https://www.rightmove.co.uk/properties/164011727#/?channel=RES_BUY,Ground Flat,2,1,"Tiffen & Co, Carlisle Estate Agent ",01228 936426
162945677,"The Faulds, Armathwaite","£175,000",https://www.rightmove.co.uk/properties/162945677#/?channel=RES_BUY,Cottage,1,1,"Hayward Tod Associates, Carlisle Estate Agent ",01228 276938
163611293,"Strawberry Terrace, Carlisle, CA3 9LT","£175,000",https://www.rightmove.co.uk/properties/163611293#/?channel=RES_BUY,End of Terrace,3,2,"eXp UK, North West Estate Agent ",03304 609968
163519250,"Currock Road, Carlisle, Cumbria, CA2","£170,000",https://www.rightmove.co.uk/properties/163519250#/?channel=RES_BUY,Terraced,3,1,"YOUR MOVE - Property @ Cumbria, Carlisle Estate Agent ",01228 276062
163708067,"Boston Avenue, Carlisle, CA2","£165,000",https://www.rightmove.co.uk/properties/163708067#/?channel=RES_BUY,Terraced,3,1,"Northwood, Carlisle Estate Agent ",01228 279058
159970808,"45 Bedford Road, Carlisle, Cumbria","£165,000",https://www.rightmove.co.uk/properties/159970808#/?channel=RES_BUY,Bungalow,2,1,"H&H Land & Estates, Carlisle Estate Agent ",01228 276977
142780133,"Coney Street, Carlisle, CA2","£165,000",https://www.rightmove.co.uk/properties/142780133#/?channel=RES_BUY,Semi-Detached,3,1,"YOUR MOVE - Property @ Cumbria, Carlisle Estate Agent ",01228 276062
156912494,"Gosling Drive, Carlisle, Cumbria, CA3","£165,000",https://www.rightmove.co.uk/properties/156912494#/?channel=RES_BUY,Semi-Detached,2,1,"BPK Estate Agents, Carlisle Estate Agent ",01228 582064
162464867,"Woburn Court, Carlisle, Cumbria","£160,000",https://www.rightmove.co.uk/properties/162464867#/?channel=RES_BUY,Semi-Detached,3,1,"Springbok Properties, Nationwide Estate Agent ",0161 416 6302
160365803,"Waverley Court, Waverley Gardens, Carlisle, CA3 9JN","£160,000",https://www.rightmove.co.uk/properties/160365803#/?channel=RES_BUY,Apartment,1,1,"McCarthy & Stone Resales, Bournemouth Estate Agent ",03455 564122
162038618,"Moorside Drive, Carlton Grange, Carlisle, CA1","£158,000",https://www.rightmove.co.uk/properties/162038618#/?channel=RES_BUY,Semi-Detached,2,1,"Belvoir, Carlisle Estate Agent ",01228 819888
153007241,"Shaddongate, Carlisle, CA2","£155,000",https://www.rightmove.co.uk/properties/153007241#/?channel=RES_BUY,Apartment,2,1,"Yopa, Scotland & The North Estate Agent ",0161 524 0574
160038554,"London Road, Carlisle, Cumbria","£155,000",https://www.rightmove.co.uk/properties/160038554#/?channel=RES_BUY,Terraced,4,1,"Springbok Properties, Nationwide Estate Agent ",0161 416 6302
161274269,"Barrock Park, Southwaite, Carlisle","£155,000",https://www.rightmove.co.uk/properties/161274269#/?channel=RES_BUY,Barn Conversion,2,1,"Hayward Tod Associates, Carlisle Estate Agent ",01228 276938
156872144,"West Block, Shaddongate, Carlisle, CA2","£155,000",https://www.rightmove.co.uk/properties/156872144#/?channel=RES_BUY,Apartment,2,2,"Cumbrian Properties, Carlisle Estate Agent ",01228 276406
160239827,"Greystone Road, Carlisle, CA1","£154,950",https://www.rightmove.co.uk/properties/160239827#/?channel=RES_BUY,Terraced,3,1,"Kate Robson Estate Agent, Cumbria Estate Agent ",01228 276890
163361570,"Chapel Brow, Carlisle, CA1","£150,000",https://www.rightmove.co.uk/properties/163361570#/?channel=RES_BUY,Flat,2,2,"Kate Robson Estate Agent, Cumbria Estate Agent ",01228 276890
160348775,"Brunton Crescent, Carlisle, Cumbria, CA1","£150,000",https://www.rightmove.co.uk/properties/160348775#/?channel=RES_BUY,Semi-Detached,3,1,"YOUR MOVE - Property @ Cumbria, Carlisle Estate Agent ",01228 276062
149515634,"Plot 9 Evening Hill, Thursby, Carlisle, CA5 6PU","£150,000",https://www.rightmove.co.uk/properties/149515634#/?channel=COM_BUY,Land,,,"eXp UK, North West Estate Agent ",03304 609968
163804400,"Millriggs, Carlisle, CA4","£150,000",https://www.rightmove.co.uk/properties/163804400#/?channel=RES_BUY,End of Terrace,3,1,"Yopa, Scotland & The North Estate Agent ",0161 524 0574
159719414,"Green Meadows Country Park, Blackford, Carlisle, CA6","£150,000",https://www.rightmove.co.uk/properties/159719414#/?channel=RES_BUY,Lodge,3,2,"eXp UK, North West Estate Agent ",03304 609968
162452465,"Scotby Grange, Carlisle, Cumbria","£150,000",https://www.rightmove.co.uk/properties/162452465#/?channel=RES_BUY,Apartment,2,1,"Springbok Properties, Nationwide Estate Agent ",0161 416 6302
157314689,"Wreay Court, Wreay, Carlisle, CA4","£150,000",https://www.rightmove.co.uk/properties/157314689#/?channel=RES_BUY,Cottage,2,1,"Cumbrian Properties, Carlisle Estate Agent ",01228 276406
152266448,"13 Brunton Crescent, Carlisle, Cumbria","£150,000",https://www.rightmove.co.uk/properties/152266448#/?channel=RES_BUY,Semi-Detached,3,1,"H&H Land & Estates, Carlisle Estate Agent ",01228 276977
164118632,"Watermans Walk, Oakland View, Carlisle, CA1","£150,000",https://www.rightmove.co.uk/properties/164118632#/?channel=RES_BUY,Semi-Detached,3,1,"Cumbrian Properties, Carlisle Estate Agent ",01228 276406
160361885,"Stonegarth, Morton Park, Carlisle, CA2","£150,000",https://www.rightmove.co.uk/properties/160361885#/?channel=RES_BUY,Semi-Detached,2,1,"Cumbrian Properties, Carlisle Estate Agent ",01228 276406
162204386,"Front Street, Cotehill","£150,000",https://www.rightmove.co.uk/properties/162204386#/?channel=RES_BUY,Semi-Detached,2,1,"Homesearch Direct, Carlisle Estate Agent ",01228 582040
160240127,"High Meadow, Belle Vue, Carlisle","£150,000",https://www.rightmove.co.uk/properties/160240127#/?channel=RES_BUY,Semi-Detached,2,1,"Tiffen & Co, Carlisle Estate Agent ",01228 936426
150052616,"Greenacres, Wetheral, Carlisle","£149,000",https://www.rightmove.co.uk/properties/150052616#/?channel=RES_BUY,Ground Flat,2,1,"Hayward Tod Associates, Carlisle Estate Agent ",01228 276938
160142321,"Hanson Place, Warwick Square , Carlisle , CA1","£145,000",https://www.rightmove.co.uk/properties/160142321#/?channel=RES_BUY,Apartment,2,1,"Cumbrian Properties, Carlisle Estate Agent ",01228 276406
152541896,"Waverley Court, Waverley Gardens, Carlisle, CA3 9JN","£145,000",https://www.rightmove.co.uk/properties/152541896#/?channel=RES_BUY,Apartment,1,1,"McCarthy & Stone Resales, Bournemouth Estate Agent ",03455 564122
162484373,"Close Street, Carlisle","£145,000",https://www.rightmove.co.uk/properties/162484373#/?channel=RES_BUY,Terraced,3,2,"Tiffen & Co, Carlisle Estate Agent ",01228 936426
155376659,"78 Warwick Road, Carlisle, CA1 1DU","£140,000",https://www.rightmove.co.uk/properties/155376659#/?channel=RES_BUY,Terraced,5,3,"Prime Property Auctions (Scotland) Ltd, Glasgow Estate Agent ",0141 465 5880
163605563,"Alexander Street, Carlisle, CA1 2LH","£140,000",https://www.rightmove.co.uk/properties/163605563#/?channel=RES_BUY,Terraced,2,1,"eXp UK, North West Estate Agent ",03304 609968
153928685,"Fenwick Drive, Kingstown, Carlisle, CA6","£140,000",https://www.rightmove.co.uk/properties/153928685#/?channel=RES_BUY,Flat,2,2,"Northwood, Carlisle Estate Agent ",01228 279058
162776762,"Woodend Drive, Carlisle, Cumbria, CA2","£140,000",https://www.rightmove.co.uk/properties/162776762#/?channel=RES_BUY,Semi-Detached,2,1,"YOUR MOVE - Property @ Cumbria, Carlisle Estate Agent ",01228 276062
138446480,"Carlisle, Cumbria, CA4","£140,000",https://www.rightmove.co.uk/properties/138446480#/?channel=RES_BUY,Park Home,1,1,"Quickmove Properties, Wiltshire Estate Agent ",01793 540551
163790618,"Grange Park Road, Orton Grange, Carlisle, Cumbria, CA5","£140,000",https://www.rightmove.co.uk/properties/163790618#/?channel=RES_BUY,Detached,2,2,"YOUR MOVE - Property @ Cumbria, Carlisle Estate Agent ",01228 276062
162583061,"Raven Street, Carlisle","£140,000",https://www.rightmove.co.uk/properties/162583061#/?channel=RES_BUY,Terraced,2,1,"Homesearch Direct, Carlisle Estate Agent ",01228 582040
162459125,"Carlisle, Cumbria, CA6","£139,995",https://www.rightmove.co.uk/properties/162459125#/?channel=RES_BUY,Park Home,2,2,"Quickmove Properties, Wiltshire Estate Agent ",01793 540551
164091023,"Melbourne Road, Carlisle, CA1","£139,950",https://www.rightmove.co.uk/properties/164091023#/?channel=RES_BUY,Terraced,3,1,"Kate Robson Estate Agent, Cumbria Estate Agent ",01228 276890
162479294,"Yewdale Road, Sandsfield Park, Carlisle, CA2","£135,000",https://www.rightmove.co.uk/properties/162479294#/?channel=RES_BUY,Semi-Detached,2,1,"Cumbrian Properties, Carlisle Estate Agent ",01228 276406
164193161,"Marion Close, Carlisle, CA1","£135,000",https://www.rightmove.co.uk/properties/164193161#/?channel=RES_BUY,Detached,4,1,"Kate Robson Estate Agent, Cumbria Estate Agent ",01228 276890
158719415,"22&22A Cecil Street, Carlisle, Cumbria","£135,000",https://www.rightmove.co.uk/properties/158719415#/?channel=RES_BUY,Apartment,4,2,"H&H Land & Estates, Carlisle Estate Agent ",01228 276977
159888179,"Warwick Road, Carlisle, CA1","£135,000",https://www.rightmove.co.uk/properties/159888179#/?channel=RES_BUY,Terraced,2,1,"Cumbrian Properties, Carlisle Estate Agent ",01228 276406
160347260,"Willow Place, Parkland Village, Carlisle, CA1","£132,500",https://www.rightmove.co.uk/properties/160347260#/?channel=RES_BUY,Apartment,2,2,"Belvoir, Carlisle Estate Agent ",01228 819888
160350908,"Willow Place, Parkland Village, Carlisle, CA1","£132,500",https://www.rightmove.co.uk/properties/160350908#/?channel=RES_BUY,Apartment,2,2,"Belvoir, Carlisle Estate Agent ",01228 819888
163822019,"Colville Street,Carlisle,CA2 5HT","£130,000",https://www.rightmove.co.uk/properties/163822019#/?channel=RES_BUY,Terraced,3,1,"eXp UK, North West Estate Agent ",03304 609968
159696302,"Mount Florida, Carlisle, CA1","£130,000",https://www.rightmove.co.uk/properties/159696302#/?channel=RES_BUY,End of Terrace,4,1,"Let Property Sales & Management, Glasgow Estate Agent ",0141 673 7973
163887545,"Riverside Way, Carlisle, CA1","£130,000",https://www.rightmove.co.uk/properties/163887545#/?channel=RES_BUY,Semi-Detached,2,1,"Northwood, Carlisle Estate Agent ",01228 279058
163741430,"12 Curlew Walk, Carlisle, Cumbria","£130,000",https://www.rightmove.co.uk/properties/163741430#/?channel=RES_BUY,Semi-Detached,3,1,"H&H Land & Estates, Carlisle Estate Agent ",01228 276977
158615495,"Chapel Brow, Carlisle","£129,995",https://www.rightmove.co.uk/properties/158615495#/?channel=RES_BUY,Apartment,2,2,"Lakes Estates, Penrith Estate Agent ",01768 807483
164125556,"Scotby Green Steading, Scotby, Carlisle, Cumbria, CA4","£129,950",https://www.rightmove.co.uk/properties/164125556#/?channel=RES_BUY,Semi-Detached,2,2,"BPK Estate Agents, Carlisle Estate Agent ",01228 582064
158399957,"Blackwell Road, Currock, Carlisle, CA2","£127,000",https://www.rightmove.co.uk/properties/158399957#/?channel=RES_BUY,Terraced,3,1,"Cumbrian Properties, Carlisle Estate Agent ",01228 276406
160380707,"Coalfell Avenue, Belle Vue South, Carlisle","£125,000",https://www.rightmove.co.uk/properties/160380707#/?channel=RES_BUY,Semi-Detached,3,1,"Tiffen & Co, Carlisle Estate Agent ",01228 936426
163279508,"5 Lazonby Terrace, Carlisle, Cumbria CA1 2PZ","£125,000",https://www.rightmove.co.uk/properties/163279508#/?channel=RES_BUY,Terraced,5,2,"Auction House Cumbria, Carlisle Estate Agent ",01228 937772
159570656,"The Old Tannery, Scotby, Carlisle, CA4","£125,000",https://www.rightmove.co.uk/properties/159570656#/?channel=RES_BUY,Apartment,2,2,"Cumbrian Properties, Carlisle Estate Agent ",01228 276406
162446027,"Scaurbank Road,Carlisle,CA3 9PH","£125,000",https://www.rightmove.co.uk/properties/162446027#/?channel=RES_BUY,Terraced,2,1,"eXp UK, North West Estate Agent ",03304 609968
161307695,"Willow Place, Parkland Drive, Carlisle, CA1","£122,500",https://www.rightmove.co.uk/properties/161307695#/?channel=RES_BUY,Flat,2,2,"eXp UK, North West Estate Agent ",03304 609968
159796757,"Herbert Street, off London Road, Carlisle, CA1","£120,000",https://www.rightmove.co.uk/properties/159796757#/?channel=RES_BUY,Terraced,3,1,"Cumbrian Properties, Carlisle Estate Agent ",01228 276406
164112464,"Ashman Close, Denton Holme, Carlisle, CA2","£120,000",https://www.rightmove.co.uk/properties/164112464#/?channel=RES_BUY,Terraced,2,1,"Cumbrian Properties, Carlisle Estate Agent ",01228 276406
162060506,"Howe Street, Carlisle, CA1","£119,950",https://www.rightmove.co.uk/properties/162060506#/?channel=RES_BUY,Terraced,2,1,"Northwood, Carlisle Estate Agent ",01228 279058
161096822,"Denton Mill Close, Carlisle, CA2 5NZ","£119,500",https://www.rightmove.co.uk/properties/161096822#/?channel=RES_BUY,Flat,2,1,"eXp UK, North West Estate Agent ",03304 609968
163272986,"27 Cammock Crescent, Carlisle, CA2 4PE","£115,000",https://www.rightmove.co.uk/properties/163272986#/?channel=RES_BUY,Semi-Detached,4,1,"Prime Property Auctions (Scotland) Ltd, Glasgow Estate Agent ",0141 465 5880
164062688,"Turnstone Drive, Carlisle, Cumbria, CA2","£100,000",https://www.rightmove.co.uk/properties/164062688#/?channel=RES_BUY,Apartment,2,1,"BPK Estate Agents, Carlisle Estate Agent ",01228 582064
163689011,"Watermans Walk, Carlisle, CA1","£115,000",https://www.rightmove.co.uk/properties/163689011#/?channel=RES_BUY,Flat,2,2,"Northwood, Carlisle Estate Agent ",01228 279058
164200010,"Brook Street, Carlisle, CA1 2HX","£115,000",https://www.rightmove.co.uk/properties/164200010#/?channel=RES_BUY,Terraced,2,1,"eXp UK, North West Estate Agent ",03304 609968
159120353,"Greystone Road, Carlisle, CA1 2DD","£115,000",https://www.rightmove.co.uk/properties/159120353#/?channel=RES_BUY,Terraced,3,1,"eXp UK, North West Estate Agent ",03304 609968
161326547,"Crindledyke Estate, Kingstown, Carlisle, CA6","£115,000",https://www.rightmove.co.uk/properties/161326547#/?channel=RES_BUY,Terraced,3,1,"YOUR MOVE - Property @ Cumbria, Carlisle Estate Agent ",01228 276062
162584003,"Waterside House, Denton Mill Close, Denton Holme , Carlisle, CA2","£115,000",https://www.rightmove.co.uk/properties/162584003#/?channel=RES_BUY,Apartment,,,"Cumbrian Properties, Carlisle Estate Agent ",01228 276406
161657531,"Upperby Way, Carlisle","£115,000",https://www.rightmove.co.uk/properties/161657531#/?channel=RES_BUY,Semi-Detached,2,1,"Homesearch Direct, Carlisle Estate Agent ",01228 582040
164004725,"Corby Hill, Carlisle","£115,000",https://www.rightmove.co.uk/properties/164004725#/?channel=RES_BUY,Semi-Detached,2,1,"Tiffen & Co, Carlisle Estate Agent ",01228 936426
161606348,"45 Beaconsfield Street, Carlisle, CA2","£115,000",https://www.rightmove.co.uk/properties/161606348#/?channel=RES_BUY,End of Terrace,3,1,"C & D Rural, Carlisle Estate Agent ",01228 276986
161733482,"Milbourne Street, Carlisle, Cumbria, CA2","£115,000",https://www.rightmove.co.uk/properties/161733482#/?channel=RES_BUY,Terraced,3,1,"YOUR MOVE - Property @ Cumbria, Carlisle Estate Agent ",01228 276062
156719090,"Mill Race View, Carlisle","£115,000",https://www.rightmove.co.uk/properties/156719090#/?channel=RES_BUY,Apartment,2,1,"Homesearch Direct, Carlisle Estate Agent ",01228 582040
159678728,"Green Meadows Country Park, Blackford, Carlisle, CA6","£110,000",https://www.rightmove.co.uk/properties/159678728#/?channel=RES_BUY,Lodge,2,2,"eXp UK, North West Estate Agent ",03304 609968
163618841,"The Sawmills, Carlisle, CA2","£110,000",https://www.rightmove.co.uk/properties/163618841#/?channel=RES_BUY,Town House,3,2,"Yopa, Scotland & The North Estate Agent ",0161 524 0574
161375282,"Springfield Road, Carlisle, CA1 3QU","£110,000",https://www.rightmove.co.uk/properties/161375282#/?channel=RES_BUY,End of Terrace,2,1,"eXp UK, North West Estate Agent ",03304 609968
164160407,"Oswald Street, Carlisle, CA1 2LU","£110,000",https://www.rightmove.co.uk/properties/164160407#/?channel=RES_BUY,Terraced,3,1,"eXp UK, North West Estate Agent ",03304 609968
164162246,"Greystone Road, Carlisle","£110,000",https://www.rightmove.co.uk/properties/164162246#/?channel=RES_BUY,End of Terrace,3,1,"Hayward Tod Associates, Carlisle Estate Agent ",01228 276938
151589102,"Pennine Way, Carlisle, CA1","£110,000",https://www.rightmove.co.uk/properties/151589102#/?channel=RES_BUY,End of Terrace,2,1,"Hunters, Carlisle Estate Agent ",01228 276402
159405164,"Denton Street, Denton Holme, Carlisle, CA2","£110,000",https://www.rightmove.co.uk/properties/159405164#/?channel=RES_BUY,Terraced,2,1,"Cumbrian Properties, Carlisle Estate Agent ",01228 276406
155672795,"4c, Near Park, Scotby, Carlisle, Cumbria","£110,000",https://www.rightmove.co.uk/properties/155672795#/?channel=RES_BUY,Apartment,2,1,"H&H Land & Estates, Carlisle Estate Agent ",01228 276977
160358591,"Oswald Street, Carlisle, Cumbria, CA1","£105,000",https://www.rightmove.co.uk/properties/160358591#/?channel=RES_BUY,Terraced,3,1,"YOUR MOVE - Property @ Cumbria, Carlisle Estate Agent ",01228 276062
161856215,"Carlisle, Cumbria, CA6","£100,000",https://www.rightmove.co.uk/properties/161856215#/?channel=RES_BUY,Park Home,2,2,"Quickmove Properties, Wiltshire Estate Agent ",01793 540551
160161266,"Thirlwell Gardens, Carlisle, Cumbria, CA1","£100,000",https://www.rightmove.co.uk/properties/160161266#/?channel=RES_BUY,Apartment,2,1,"BPK Estate Agents, Carlisle Estate Agent ",01228 582064
161132963,"Denton Mill Close, Carlisle, Cumbria, CA2","£100,000",https://www.rightmove.co.uk/properties/161132963#/?channel=RES_BUY,Flat,1,1,"YOUR MOVE - Property @ Cumbria, Carlisle Estate Agent ",01228 276062
142476662,"Shaddon Mill, Carlisle, CA2","£99,000",https://www.rightmove.co.uk/properties/142476662#/?channel=RES_BUY,Detached,1,1,"Northwood, Carlisle Estate Agent ",01228 279058
163032608,"THIRL, 38 Thirlwell Gardens, Carlisle","£95,000",https://www.rightmove.co.uk/properties/163032608#/?channel=RES_BUY,Apartment,2,1,"H&H Land & Estates, Carlisle Estate Agent ",01228 276977
164169539,"Caldew Maltings, Bridge Lane, Carlisle, CA2","£95,000",https://www.rightmove.co.uk/properties/164169539#/?channel=RES_BUY,Apartment,2,2,"Cumbrian Properties, Carlisle Estate Agent ",01228 276406
162837995,"Green meadows Country Park, Carlisle, CA6","£93,000",https://www.rightmove.co.uk/properties/162837995#/?channel=RES_BUY,Park Home,2,2,"Purplebricks, covering Cumbria Estate Agent ",020 3910 6059
161856344,"Mount Pleasant Road, Carlisle, CA2","£90,000",https://www.rightmove.co.uk/properties/161856344#/?channel=RES_BUY,End of Terrace,3,1,"Hunters, Carlisle Estate Agent ",01228 276402
146724545,"Flat 36, Higginson Mill, Denton Mill Close, Carlisle","£90,000",https://www.rightmove.co.uk/properties/146724545#/?channel=RES_BUY,Apartment,1,1,"H&H Land & Estates, Carlisle Estate Agent ",01228 276977
162652772,"Collingwood Street, Carlisle, Cumbria, CA2","£90,000",https://www.rightmove.co.uk/properties/162652772#/?channel=RES_BUY,Terraced,2,1,"YOUR MOVE - Property @ Cumbria, Carlisle Estate Agent ",01228 276062
160353413,"Oswald Street, Carlisle, Cumbria, CA1","£90,000",https://www.rightmove.co.uk/properties/160353413#/?channel=RES_BUY,End of Terrace,2,1,"YOUR MOVE - Property @ Cumbria, Carlisle Estate Agent ",01228 276062
162036308,"Montreal Street, Carlisle, Cumbria, CA2","£90,000",https://www.rightmove.co.uk/properties/162036308#/?channel=RES_BUY,Terraced,2,1,"YOUR MOVE - Property @ Cumbria, Carlisle Estate Agent ",01228 276062
162285425,"Grosvenor House, Warwick Square, Carlisle, CA1","£89,000",https://www.rightmove.co.uk/properties/162285425#/?channel=RES_BUY,Flat,2,1,"Belvoir, Carlisle Estate Agent ",01228 819888
163389074,"Higginson Mill, Denton Holme, Carlisle, CA2","£89,000",https://www.rightmove.co.uk/properties/163389074#/?channel=RES_BUY,Flat,1,1,"Belvoir, Carlisle Estate Agent ",01228 819888
160272680,"Nelson Street, Carlisle, Cumbria, CA2","£87,000",https://www.rightmove.co.uk/properties/160272680#/?channel=RES_BUY,Terraced,1,1,"YOUR MOVE - Property @ Cumbria, Carlisle Estate Agent ",01228 276062
163864055,"Castle Street, Carlisle, CA3 8TP","£85,000",https://www.rightmove.co.uk/properties/163864055#/?channel=RES_BUY,Apartment,1,1,"eXp UK, North West Estate Agent ",03304 609968
143046245,"Thomson Street, Carlisle, CA1","£85,000",https://www.rightmove.co.uk/properties/143046245#/?channel=RES_BUY,Flat,2,1,"Northwood, Carlisle Estate Agent ",01228 279058
163542059,"Caldew Maltings Bridge Lane, Carlisle, CA2","£85,000",https://www.rightmove.co.uk/properties/163542059#/?channel=RES_BUY,Flat,2,1,"YOUR MOVE - Property @ Cumbria, Carlisle Estate Agent ",01228 276062
161968520,"Scotch Street, Carlisle","£85,000",https://www.rightmove.co.uk/properties/161968520#/?channel=RES_BUY,Apartment,1,1,"Homesearch Direct, Carlisle Estate Agent ",01228 582040
144221219,"Hodgsons Court, Scotch Street, Carlisle, CA3","£80,000",https://www.rightmove.co.uk/properties/144221219#/?channel=RES_BUY,Flat,2,1,"YOUR MOVE - Property @ Cumbria, Carlisle Estate Agent ",01228 276062
161761907,"Norfolk Court, Norfolk Street, Carlisle, Cumbria, CA2","£80,000",https://www.rightmove.co.uk/properties/161761907#/?channel=RES_BUY,Flat,2,1,"YOUR MOVE - Property @ Cumbria, Carlisle Estate Agent ",01228 276062
162010778,"Ellesmere Way, Carlisle, CA2 6NA","£80,000",https://www.rightmove.co.uk/properties/162010778#/?channel=RES_BUY,Flat,2,1,"eXp UK, North West Estate Agent ",03304 609968
160218578,"Newtown Road, Carlisle, Cumbria, CA2","£80,000",https://www.rightmove.co.uk/properties/160218578#/?channel=RES_BUY,Flat,2,1,"YOUR MOVE - Property @ Cumbria, Carlisle Estate Agent ",01228 276062
162505481,"Carlisle, Cumbria, CA6","£79,995",https://www.rightmove.co.uk/properties/162505481#/?channel=RES_BUY,Lodge,2,2,"Quickmove Properties, Wiltshire Estate Agent ",01793 540551
160831721,"Waterside House, Denton Mill","£79,950",https://www.rightmove.co.uk/properties/160831721#/?channel=RES_BUY,Flat,1,1,"Hayward Tod Associates, Carlisle Estate Agent ",01228 276938
143046998,"Furze Street, Carlisle, CA1","£79,950",https://www.rightmove.co.uk/properties/143046998#/?channel=RES_BUY,Flat,2,1,"Northwood, Carlisle Estate Agent ",01228 279058
163385375,"Denton Mill Close, Denton Holme, Carlisle, CA2","£79,950",https://www.rightmove.co.uk/properties/163385375#/?channel=RES_BUY,Apartment,1,1,"Cumbrian Properties, Carlisle Estate Agent ",01228 276406
160131167,"Denton Mill Lane, Carlisle","£79,000",https://www.rightmove.co.uk/properties/160131167#/?channel=RES_BUY,Apartment,1,1,"Hayward Tod Associates, Carlisle Estate Agent ",01228 276938
161939132,"7 Orton Grange Park, Grange Park Road, Orton Grange, Carlisle, Cumbria","£78,000",https://www.rightmove.co.uk/properties/161939132#/?channel=RES_BUY,Bungalow,2,2,"H&H Land & Estates, Carlisle Estate Agent ",01228 276977
161890826,"Millholme Avenue, Carlisle, CA2","£78,000",https://www.rightmove.co.uk/properties/161890826#/?channel=RES_BUY,Terraced,2,1,"Bettermove, Nationwide Estate Agent ",020 3834 8696
163090673,"289 Pennine Way, Carlisle, Cumbria CA1 3RN","£75,000",https://www.rightmove.co.uk/properties/163090673#/?channel=RES_BUY,End of Terrace,3,1,"Auction House Cumbria, Carlisle Estate Agent ",01228 937772
162658619,"Hodgsons Court, Scotch Street, Carlisle, Cumbria, CA3","£75,000",https://www.rightmove.co.uk/properties/162658619#/?channel=RES_BUY,Flat,1,1,"YOUR MOVE - Property @ Cumbria, Carlisle Estate Agent ",01228 276062
159855167,"Rydal Street, Carlisle, CA1","£75,000",https://www.rightmove.co.uk/properties/159855167#/?channel=RES_BUY,Flat,2,1,"Let Property Sales & Management, Glasgow Estate Agent ",0141 673 7973
158827331,"Fairfield Gardens, Carlisle, Cumbria, CA2","£75,000",https://www.rightmove.co.uk/properties/158827331#/?channel=RES_BUY,Flat,2,1,"YOUR MOVE - Property @ Cumbria, Carlisle Estate Agent ",01228 276062
163291916,"40 Rashdall Road, Carlisle, Cumbria","£75,000",https://www.rightmove.co.uk/properties/163291916#/?channel=RES_BUY,Apartment,2,1,"H&H Land & Estates, Carlisle Estate Agent ",01228 276977
163544801,"5 Holme Eden Hall, Warwick Bridge, Carlisle, Cumbria CA4 8RD","£75,000",https://www.rightmove.co.uk/properties/163544801#/?channel=RES_BUY,Apartment,2,3,"Auction House Cumbria, Carlisle Estate Agent ",01228 937772
159783710,"Lowry Gardens, Carlisle, Cumbria, CA3","£73,500",https://www.rightmove.co.uk/properties/159783710#/?channel=RES_BUY,Apartment,2,2,"BPK Estate Agents, Carlisle Estate Agent ",01228 582064
156710108,"Adelaide Street, Carlisle, CA1","£72,500",https://www.rightmove.co.uk/properties/156710108#/?channel=RES_BUY,Apartment,2,1,"Cumbrian Properties, Carlisle Estate Agent ",01228 276406
163275833,"10 Reeth Road, Carlisle, Cumbria","£70,000",https://www.rightmove.co.uk/properties/163275833#/?channel=RES_BUY,Apartment,2,1,"H&H Land & Estates, Carlisle Estate Agent ",01228 276977
162652769,"Hodgsons Court, Scotch Street, Carlisle, Cumbria, CA3","£70,000",https://www.rightmove.co.uk/properties/162652769#/?channel=RES_BUY,Flat,1,1,"YOUR MOVE - Property @ Cumbria, Carlisle Estate Agent ",01228 276062
163738589,"13 Blencowe Street, Carlisle, Cumbria CA2 5XP","£65,000",https://www.rightmove.co.uk/properties/163738589#/?channel=RES_BUY,End of Terrace,2,1,"Auction House Cumbria, Carlisle Estate Agent ",01228 937772
162445412,"Willow Holme Road, Carlisle, CA2","£62,000",https://www.rightmove.co.uk/properties/162445412#/?channel=RES_BUY,Flat,2,2,"Let Property Sales & Management, Glasgow Estate Agent ",0141 673 7973
163301147,"35 Graham Street, Carlisle, Cumbria CA2 5HA","£60,000",https://www.rightmove.co.uk/properties/163301147#/?channel=RES_BUY,End of Terrace,2,1,"Auction House Cumbria, Carlisle Estate Agent ",01228 937772
158206466,"Scotch Street, Carlisle, CA3","£59,995",https://www.rightmove.co.uk/properties/158206466#/?channel=RES_BUY,Apartment,1,1,"Cumbrian Properties, Carlisle Estate Agent ",01228 276406
163277339,"84 Durranhill Road, Carlisle, Cumbria CA1 2SZ","£50,000",https://www.rightmove.co.uk/properties/163277339#/?channel=RES_BUY,Terraced,3,1,"Auction House Cumbria, Carlisle Estate Agent ",01228 937772
163111793,"118 Rydal Street, Carlisle, Cumbria CA1 2AF","£45,000",https://www.rightmove.co.uk/properties/163111793#/?channel=RES_BUY,Flat,2,1,"Auction House Cumbria, Carlisle Estate Agent ",01228 937772
163573442,"6 Red Bank Square, Carlisle, Cumbria CA2 4BG","£45,000",https://www.rightmove.co.uk/properties/163573442#/?channel=RES_BUY,End of Terrace,2,1,"Auction House Cumbria, Carlisle Estate Agent ",01228 937772
163145549,"10 Norfolk Court, Norfolk Street, Carlisle, Cumbria CA2 5JD","£35,000",https://www.rightmove.co.uk/properties/163145549#/?channel=RES_BUY,Cottage,2,1,"Auction House Cumbria, Carlisle Estate Agent ",01228 937772
163440902,"15 East Dale Street, Carlisle, Cumbria CA2 5JZ","£35,000",https://www.rightmove.co.uk/properties/163440902#/?channel=RES_BUY,Ground Flat,1,1,"Auction House Cumbria, Carlisle Estate Agent ",01228 937772
